Date,Open,High,Low,Close*,Adj Close**,Volume
12/10/2021,4368.31,4374.89,4342.09,4350.65,4350.65,3558450000
13/10/2021,4358.01,4372.87,4329.92,4363.8,4363.8,3620070000
14/10/2021,4386.75,4439.73,4386.75,4438.26,4438.26,3598280000
15/10/2021,4447.69,4475.82,4447.69,4471.37,4471.37,3819380000
18/10/2021,4463.72,4488.75,4447.47,4486.46,4486.46,3662010000
19/10/2021,4497.34,4520.4,4496.41,4519.63,4519.63,3459130000
20/10/2021,4524.42,4540.87,4524.4,4536.19,4536.19,3670760000
21/10/2021,4532.24,4551.44,4526.89,4549.78,4549.78,3822330000
22/10/2021,4546.12,4559.67,4524,4544.9,4544.9,3758220000
25/10/2021,4553.69,4572.62,4537.36,4566.48,4566.48,3899400000
26/10/2021,4578.69,4598.53,4569.17,4574.79,4574.79,3879740000
27/10/2021,4580.22,4584.57,4551.66,4551.68,4551.68,4226050000
28/10/2021,4562.84,4597.55,4562.84,4596.42,4596.42,4132950000
29/10/2021,4572.87,4608.08,4567.59,4605.38,4605.38,4510200000
1/11/2021,4610.62,4620.34,4595.06,4613.67,4613.67,3971540000
2/11/2021,4613.34,4635.15,4613.34,4630.65,4630.65,3975250000
3/11/2021,4630.65,4663.46,4621.19,4660.57,4660.57,4319660000
4/11/2021,4662.93,4683,4662.59,4680.06,4680.06,4462300000
5/11/2021,4699.26,4718.5,4681.32,4697.53,4697.53,4467180000
8/11/2021,4701.48,4714.92,4694.39,4701.7,4701.7,4269710000
9/11/2021,4707.25,4708.53,4670.87,4685.25,4685.25,4117080000
10/11/2021,4670.26,4684.85,4630.86,4646.71,4646.71,4503720000
11/11/2021,4659.39,4664.55,4648.31,4649.27,4649.27,3926870000
12/11/2021,4655.24,4688.47,4650.77,4682.85,4682.85,3728600000
15/11/2021,4689.3,4697.42,4672.86,4682.8,4682.8,3488410000
16/11/2021,4679.42,4714.95,4679.42,4700.9,4700.9,3972640000
17/11/2021,4701.5,4701.5,4684.41,4688.67,4688.67,3969070000
18/11/2021,4700.72,4708.8,4672.78,4704.54,4704.54,4226410000
19/11/2021,4708.44,4717.75,4694.22,4697.96,4697.96,4253180000
22/11/2021,4712,4743.83,4682.17,4682.94,4682.94,4441100000
23/11/2021,4678.48,4699.39,4652.66,4690.7,4690.7,4277590000
24/11/2021,4675.78,4702.87,4659.89,4701.46,4701.46,3418430000
26/11/2021,4664.63,4664.63,4585.43,4594.62,4594.62,3517700000
29/11/2021,4628.75,4672.95,4625.26,4655.27,4655.27,4336410000
30/11/2021,4640.25,4646.02,4560,4567,4567,6625990000
1/12/2021,4602.82,4652.94,4510.27,4513.04,4513.04,5366730000
2/12/2021,4504.73,4595.46,4504.73,4577.1,4577.1,5077180000
3/12/2021,4589.49,4608.03,4495.12,4538.43,4538.43,5240070000
6/12/2021,4548.37,4612.6,4540.51,4591.67,4591.67,4770800000
7/12/2021,4631.97,4694.04,4631.97,4686.75,4686.75,4492400000
8/12/2021,4690.86,4705.06,4674.52,4701.21,4701.21,4234600000
9/12/2021,4691,4695.26,4665.98,4667.45,4667.45,3903840000
10/12/2021,4687.64,4713.57,4670.24,4712.02,4712.02,3870110000
13/12/2021,4710.3,4710.3,4667.6,4668.97,4668.97,4397230000
14/12/2021,4642.99,4660.47,4606.52,4634.09,4634.09,4485430000
15/12/2021,4636.46,4712.6,4611.22,4709.85,4709.85,4910130000
16/12/2021,4719.13,4731.99,4651.89,4668.67,4668.67,4829500000
17/12/2021,4652.5,4666.7,4600.22,4620.64,4620.64,7987090000
20/12/2021,4587.9,4587.9,4531.1,4568.02,4568.02,4635700000
21/12/2021,4594.96,4651.14,4583.16,4649.23,4649.23,4072430000
22/12/2021,4650.36,4697.67,4645.53,4696.56,4696.56,3319610000
23/12/2021,4703.96,4740.74,4703.96,4725.79,4725.79,2913040000
27/12/2021,4733.99,4791.49,4733.99,4791.19,4791.19,2770290000
28/12/2021,4795.49,4807.02,4780.04,4786.35,4786.35,2707920000
29/12/2021,4788.64,4804.06,4778.08,4793.06,4793.06,2963310000
30/12/2021,4794.23,4808.93,4775.33,4778.73,4778.73,3124950000
31/12/2021,4775.21,4786.83,4765.75,4766.18,4766.18,2677820000
3/1/2022,4778.14,4796.64,4758.17,4796.56,4796.56,3831020000
4/1/2022,4804.51,4818.62,4774.27,4793.54,4793.54,4683170000
5/1/2022,4787.99,4797.7,4699.44,4700.58,4700.58,4887960000
6/1/2022,4693.39,4725.01,4671.26,4696.05,4696.05,4295280000
7/1/2022,4697.66,4707.95,4662.74,4677.03,4677.03,4181510000
10/1/2022,4655.34,4673.02,4582.24,4670.29,4670.29,4511810000
11/1/2022,4669.14,4714.13,4638.27,4713.07,4713.07,4101590000
12/1/2022,4728.59,4748.83,4706.71,4726.35,4726.35,4048220000
13/1/2022,4733.56,4744.13,4650.29,4659.03,4659.03,4251730000
14/1/2022,4637.99,4665.13,4614.75,4662.85,4662.85,4338490000
18/1/2022,4632.24,4632.24,4568.7,4577.11,4577.11,4748700000
19/1/2022,4588.03,4611.55,4530.2,4532.76,4532.76,4465740000
20/1/2022,4547.35,4602.11,4477.95,4482.73,4482.73,4640870000
21/1/2022,4471.38,4494.52,4395.34,4397.94,4397.94,5589100000
24/1/2022,4356.32,4417.35,4222.62,4410.13,4410.13,6928110000
25/1/2022,4366.64,4411.01,4287.11,4356.45,4356.45,5145050000
26/1/2022,4408.43,4453.23,4304.8,4349.93,4349.93,5570640000
27/1/2022,4380.58,4428.74,4309.5,4326.51,4326.51,5214200000
28/1/2022,4336.19,4432.72,4292.46,4431.85,4431.85,5031090000
31/1/2022,4431.79,4516.89,4414.02,4515.55,4515.55,5098610000
1/2/2022,4519.57,4550.49,4483.53,4546.54,4546.54,4816830000
2/2/2022,4566.39,4595.31,4544.32,4589.38,4589.38,4481580000
3/2/2022,4535.41,4542.88,4470.39,4477.44,4477.44,4401970000
4/2/2022,4482.79,4539.66,4451.5,4500.53,4500.53,4706290000
7/2/2022,4505.75,4521.86,4471.47,4483.87,4483.87,4228480000
8/2/2022,4480.02,4531.32,4465.4,4521.54,4521.54,4459620000
9/2/2022,4547,4590.03,4547,4587.18,4587.18,4524350000
10/2/2022,4553.24,4588.92,4484.31,4504.08,4504.08,5314860000
11/2/2022,4506.27,4526.33,4401.41,4418.64,4418.64,5251500000
14/2/2022,4412.61,4426.22,4364.84,4401.67,4401.67,4600390000
15/2/2022,4429.28,4472.77,4429.28,4471.07,4471.07,4430830000
16/2/2022,4455.75,4489.55,4429.68,4475.01,4475.01,4283640000
17/2/2022,4456.06,4456.06,4373.81,4380.26,4380.26,4539420000
18/2/2022,4384.57,4394.6,4327.22,4348.87,4348.87,4708060000
22/2/2022,4332.74,4362.12,4267.11,4304.76,4304.76,5121900000
23/2/2022,4324.93,4341.51,4221.51,4225.5,4225.5,4797430000
24/2/2022,4155.77,4294.73,4114.65,4288.7,4288.7,6752130000
25/2/2022,4298.38,4385.34,4286.83,4384.65,4384.65,5177060000
28/2/2022,4354.17,4388.84,4315.12,4373.94,4373.94,6071370000
1/3/2022,4363.14,4378.45,4279.54,4306.26,4306.26,5846230000
2/3/2022,4322.56,4401.48,4322.56,4386.54,4386.54,5337870000
3/3/2022,4401.31,4416.78,4345.56,4363.49,4363.49,5039890000
4/3/2022,4342.12,4342.12,4284.98,4328.87,4328.87,5797380000
7/3/2022,4327.01,4327.01,4199.85,4201.09,4201.09,6940470000
8/3/2022,4202.66,4276.94,4157.87,4170.7,4170.7,7243120000
9/3/2022,4223.1,4299.4,4223.1,4277.88,4277.88,5662670000
10/3/2022,4252.55,4268.28,4209.8,4259.52,4259.52,4980830000
11/3/2022,4279.5,4291.01,4200.49,4204.31,4204.31,4938640000
14/3/2022,4202.75,4247.57,4161.72,4173.11,4173.11,5574920000
15/3/2022,4188.82,4271.05,4187.9,4262.45,4262.45,5392470000
16/3/2022,4288.14,4358.9,4251.99,4357.86,4357.86,6309750000
17/3/2022,4345.11,4412.67,4335.65,4411.67,4411.67,4985090000
18/3/2022,4407.34,4465.4,4390.57,4463.12,4463.12,8278430000
21/3/2022,4462.4,4481.75,4424.3,4461.18,4461.18,4869820000
22/3/2022,4469.1,4522,4469.1,4511.61,4511.61,4754840000
23/3/2022,4493.1,4501.07,4455.81,4456.24,4456.24,4550670000
24/3/2022,4469.98,4520.58,4465.17,4520.16,4520.16,4131390000
25/3/2022,4522.91,4546.03,4501.07,4543.06,4543.06,4305020000
28/3/2022,4541.09,4575.65,4517.69,4575.52,4575.52,4312260000
29/3/2022,4602.86,4637.3,4589.66,4631.6,4631.6,5085910000
30/3/2022,4624.2,4627.77,4581.32,4602.45,4602.45,4385570000
31/3/2022,4599.02,4603.07,4530.41,4530.41,4530.41,4823020000
1/4/2022,4540.32,4548.7,4507.57,4545.86,4545.86,4562940000
4/4/2022,4547.97,4583.5,4539.21,4582.64,4582.64,4547350000
5/4/2022,4572.45,4593.45,4514.17,4525.12,4525.12,4800620000
6/4/2022,4494.17,4503.94,4450.04,4481.15,4481.15,4986830000
7/4/2022,4474.65,4521.16,4450.3,4500.21,4500.21,4821490000
8/4/2022,4494.15,4520.41,4474.6,4488.28,4488.28,4083200000
11/4/2022,4462.64,4464.35,4408.38,4412.53,4412.53,4266290000
12/4/2022,4437.59,4471,4381.34,4397.45,4397.45,4152090000
13/4/2022,4394.3,4453.92,4392.7,4446.59,4446.59,3828150000
14/4/2022,4449.12,4460.46,4390.77,4392.59,4392.59,4083090000
18/4/2022,4385.63,4410.31,4370.3,4391.69,4391.69,3910490000
19/4/2022,4390.63,4471.03,4390.63,4462.21,4462.21,4108120000
20/4/2022,4472.26,4488.29,4448.76,4459.45,4459.45,4290450000
21/4/2022,4489.17,4512.94,4384.47,4393.66,4393.66,4636890000
22/4/2022,4385.83,4385.83,4267.62,4271.78,4271.78,4651940000
25/4/2022,4255.34,4299.02,4200.82,4296.12,4296.12,5240040000
26/4/2022,4278.14,4278.14,4175.04,4175.2,4175.2,4689970000
27/4/2022,4186.52,4240.71,4162.9,4183.96,4183.96,4769680000
28/4/2022,4222.58,4308.45,4188.63,4287.5,4287.5,4854180000
29/4/2022,4253.75,4269.68,4124.28,4131.93,4131.93,5084030000
2/5/2022,4130.61,4169.81,4062.51,4155.38,4155.38,5163790000
3/5/2022,4159.78,4200.1,4147.08,4175.48,4175.48,4582050000
4/5/2022,4181.18,4307.66,4148.91,4300.17,4300.17,5136360000
5/5/2022,4270.43,4270.43,4106.01,4146.87,4146.87,5077030000
6/5/2022,4128.17,4157.69,4067.91,4123.34,4123.34,5116940000
9/5/2022,4081.27,4081.27,3975.48,3991.24,3991.24,5954520000
10/5/2022,4035.18,4068.82,3958.17,4001.05,4001.05,5885820000
11/5/2022,3990.08,4049.09,3928.82,3935.18,3935.18,5816140000
12/5/2022,3903.95,3964.8,3858.87,3930.08,3930.08,6286450000
13/5/2022,3963.9,4038.88,3963.9,4023.89,4023.89,5183340000
16/5/2022,4013.02,4046.46,3983.99,4008.01,4008.01,4415030000
17/5/2022,4052,4090.72,4033.93,4088.85,4088.85,4841410000
18/5/2022,4051.98,4051.98,3911.91,3923.68,3923.68,5103220000
19/5/2022,3899,3945.96,3876.58,3900.79,3900.79,5113550000
20/5/2022,3927.76,3943.42,3810.32,3901.36,3901.36,5130730000
23/5/2022,3919.42,3981.88,3909.04,3973.75,3973.75,4420030000
24/5/2022,3942.94,3955.68,3875.13,3941.48,3941.48,4923190000
25/5/2022,3929.59,3999.33,3925.03,3978.73,3978.73,4802560000
26/5/2022,3984.6,4075.14,3984.6,4057.84,4057.84,4709970000
27/5/2022,4077.43,4158.49,4077.43,4158.24,4158.24,4375620000
31/5/2022,4151.09,4168.34,4104.88,4132.15,4132.15,6822640000
1/6/2022,4149.78,4166.54,4073.85,4101.23,4101.23,4531800000
2/6/2022,4095.41,4177.51,4074.37,4176.82,4176.82,4405790000
3/6/2022,4137.57,4142.67,4098.67,4108.54,4108.54,3711110000
6/6/2022,4134.72,4168.78,4109.18,4121.43,4121.43,4332700000
7/6/2022,4096.47,4164.86,4080.19,4160.68,4160.68,4248210000
8/6/2022,4147.12,4160.14,4107.2,4115.77,4115.77,4159470000
9/6/2022,4101.65,4119.1,4017.17,4017.82,4017.82,4134170000
10/6/2022,3974.39,3974.39,3900.16,3900.86,3900.86,4889640000
13/6/2022,3838.15,3838.15,3734.3,3749.63,3749.63,5636890000
14/6/2022,3763.52,3778.18,3705.68,3735.48,3735.48,5153890000
15/6/2022,3764.05,3837.56,3722.3,3789.99,3789.99,5530480000
16/6/2022,3728.18,3728.18,3639.77,3666.77,3666.77,5644930000
17/6/2022,3665.9,3707.71,3636.87,3674.84,3674.84,8520740000
21/6/2022,3715.31,3779.65,3715.31,3764.79,3764.79,5292260000
22/6/2022,3733.89,3801.79,3717.69,3759.89,3759.89,5058990000
23/6/2022,3774.71,3802.58,3743.52,3795.73,3795.73,5098640000
24/6/2022,3821.75,3913.65,3821.75,3911.74,3911.74,8120260000
27/6/2022,3920.76,3927.72,3889.66,3900.11,3900.11,4325310000
28/6/2022,3913,3945.86,3820.14,3821.55,3821.55,4270120000
29/6/2022,3825.09,3836.5,3799.02,3818.83,3818.83,4211240000
30/6/2022,3785.99,3818.99,3738.67,3785.38,3785.38,4840070000
1/7/2022,3781,3829.82,3752.1,3825.33,3825.33,4046950000
5/7/2022,3792.61,3832.19,3742.06,3831.39,3831.39,5076590000
6/7/2022,3831.98,3870.91,3809.37,3845.08,3845.08,4417720000
7/7/2022,3858.85,3910.63,3858.85,3902.62,3902.62,4057770000
8/7/2022,3888.26,3918.5,3869.34,3899.38,3899.38,3521620000
11/7/2022,3880.94,3880.94,3847.22,3854.43,3854.43,3423480000
12/7/2022,3851.95,3873.41,3802.36,3818.8,3818.8,3817210000
13/7/2022,3779.67,3829.44,3759.07,3801.78,3801.78,4109390000
14/7/2022,3763.99,3796.41,3721.56,3790.38,3790.38,4199690000
15/7/2022,3818,3863.62,3817.18,3863.16,3863.16,4143800000
18/7/2022,3883.79,3902.44,3818.63,3830.85,3830.85,4046870000
19/7/2022,3860.73,3939.81,3860.73,3936.69,3936.69,4041070000
20/7/2022,3935.32,3974.13,3922.03,3959.9,3959.9,4185300000
21/7/2022,3955.47,3999.29,3927.64,3998.95,3998.95,4132790000
22/7/2022,3998.43,4012.44,3938.86,3961.63,3961.63,3979240000
25/7/2022,3965.72,3975.3,3943.46,3966.84,3966.84,3568340000
26/7/2022,3953.22,3953.22,3910.74,3921.05,3921.05,3778950000
27/7/2022,3951.43,4039.56,3951.43,4023.61,4023.61,4112180000
28/7/2022,4026.13,4078.95,3992.97,4072.43,4072.43,4413000000
29/7/2022,4087.33,4140.15,4079.22,4130.29,4130.29,4616360000
1/8/2022,4112.38,4144.95,4096.02,4118.63,4118.63,4202810000
2/8/2022,4104.21,4140.47,4079.81,4091.19,4091.19,4727710000
3/8/2022,4107.96,4167.66,4107.96,4155.17,4155.17,4351760000
4/8/2022,4154.85,4161.29,4135.42,4151.94,4151.94,4283320000
5/8/2022,4115.87,4151.58,4107.31,4145.19,4145.19,4085940000
8/8/2022,4155.93,4186.62,4128.97,4140.06,4140.06,4221090000
9/8/2022,4133.11,4137.3,4112.09,4122.47,4122.47,3913090000
10/8/2022,4181.02,4211.03,4177.26,4210.24,4210.24,4546010000
11/8/2022,4227.4,4257.91,4201.41,4207.27,4207.27,4630200000
12/8/2022,4225.02,4280.47,4219.78,4280.15,4280.15,3788010000
15/8/2022,4269.37,4301.79,4256.9,4297.14,4297.14,3696830000
16/8/2022,4290.46,4325.28,4277.77,4305.2,4305.2,4329820000
17/8/2022,4280.4,4302.18,4253.08,4274.04,4274.04,3885030000
18/8/2022,4273.13,4292.53,4261.98,4283.74,4283.74,3340330000
19/8/2022,4266.31,4266.31,4218.7,4228.48,4228.48,3761340000
22/8/2022,4195.08,4195.08,4129.86,4137.99,4137.99,3907430000
23/8/2022,4133.09,4159.77,4124.03,4128.73,4128.73,3823520000
24/8/2022,4126.55,4156.56,4119.97,4140.77,4140.77,3583630000
25/8/2022,4153.26,4200.54,4147.59,4199.12,4199.12,3566870000
26/8/2022,4198.74,4203.04,4057.66,4057.66,4057.66,3832750000
29/8/2022,4034.58,4062.99,4017.42,4030.61,4030.61,3396510000
30/8/2022,4041.25,4044.98,3965.21,3986.16,3986.16,3835860000
31/8/2022,4000.67,4015.37,3954.53,3955,3955,4542490000
1/9/2022,3936.73,3970.23,3903.65,3966.85,3966.85,4152250000
2/9/2022,3994.66,4018.43,3906.21,3924.26,3924.26,3665850000
6/9/2022,3930.89,3942.55,3886.75,3908.19,3908.19,4127340000
7/9/2022,3909.43,3987.89,3906.03,3979.87,3979.87,3890320000
8/9/2022,3959.94,4010.5,3944.81,4006.18,4006.18,3966850000
9/9/2022,4022.94,4076.81,4022.94,4067.36,4067.36,3901940000
12/9/2022,4083.67,4119.28,4083.67,4110.41,4110.41,3814200000
13/9/2022,4037.12,4037.12,3921.28,3932.69,3932.69,4224550000
14/9/2022,3940.73,3961.94,3912.18,3946.01,3946.01,4293240000
15/9/2022,3932.41,3959.14,3888.28,3901.35,3901.35,4441830000
16/9/2022,3880.95,3880.95,3837.08,3873.33,3873.33,7954650000
19/9/2022,3849.91,3900.45,3838.5,3899.89,3899.89,3766850000
20/9/2022,3875.23,3876.01,3827.54,3855.93,3855.93,4058050000
21/9/2022,3871.4,3907.07,3789.49,3789.93,3789.93,4078330000
22/9/2022,3782.36,3790.9,3749.45,3757.99,3757.99,4284600000
23/9/2022,3727.14,3727.14,3647.47,3693.23,3693.23,5144270000
26/9/2022,3682.72,3715.67,3644.76,3655.04,3655.04,4886140000
27/9/2022,3686.44,3717.53,3623.29,3647.29,3647.29,4577740000
28/9/2022,3651.94,3736.74,3640.61,3719.04,3719.04,4684850000
29/9/2022,3687.01,3687.01,3610.4,3640.47,3640.47,4681810000
30/9/2022,3633.48,3671.44,3584.13,3585.62,3585.62,5645360000
3/10/2022,3609.78,3698.35,3604.93,3678.43,3678.43,4806680000
4/10/2022,3726.46,3791.92,3726.46,3790.93,3790.93,5146580000
5/10/2022,3753.25,3806.91,3722.66,3783.28,3783.28,4293180000
6/10/2022,3771.97,3797.93,3739.22,3744.52,3744.52,4252100000
7/10/2022,3706.74,3706.74,3620.73,3639.66,3639.66,4449660000
10/10/2022,3647.51,3652.17,3588.1,3612.39,3612.39,3834320000
11/10/2022,3595.86,3640.66,3568.45,3588.84,3588.84,4759030000
12/10/2022,3590.83,3608.34,3573.86,3577.03,3577.03,4006830000
13/10/2022,3520.37,3685.41,3491.58,3669.91,3669.91,5021680000
14/10/2022,3690.41,3712,3579.68,3583.07,3583.07,4243030000
17/10/2022,3638.65,3689.73,3638.65,3677.95,3677.95,4352780000
18/10/2022,3746.26,3762.79,3686.53,3719.98,3719.98,4483740000
19/10/2022,3703.11,3728.58,3666.51,3695.16,3695.16,4223800000
20/10/2022,3689.05,3736,3656.44,3665.78,3665.78,4496620000
21/10/2022,3657.1,3757.89,3647.42,3752.75,3752.75,5078020000
24/10/2022,3762.01,3810.74,3741.65,3797.34,3797.34,4747930000
25/10/2022,3799.44,3862.85,3799.44,3859.11,3859.11,4843120000
26/10/2022,3825.97,3886.15,3824.07,3830.6,3830.6,4817310000
27/10/2022,3834.69,3859.95,3803.79,3807.3,3807.3,4687320000
28/10/2022,3808.26,3905.42,3808.26,3901.06,3901.06,4459410000
31/10/2022,3881.85,3893.73,3863.18,3871.98,3871.98,4820620000
1/11/2022,3901.79,3911.79,3843.8,3856.1,3856.1,4481210000
2/11/2022,3852.9,3894.44,3758.68,3759.69,3759.69,4899000000
3/11/2022,3733.25,3750.59,3698.15,3719.89,3719.89,4625290000
4/11/2022,3766.98,3796.34,3708.84,3770.55,3770.55,5400180000
7/11/2022,3780.71,3813.95,3764.7,3806.8,3806.8,4341620000
8/11/2022,3817.02,3859.4,3786.28,3828.11,3828.11,4607640000
9/11/2022,3810.94,3818.2,3744.22,3748.57,3748.57,4645010000
10/11/2022,3859.89,3958.33,3859.89,3956.37,3956.37,5781260000
11/11/2022,3963.72,4001.48,3944.82,3992.93,3992.93,5593310000
14/11/2022,3977.97,4008.97,3956.4,3957.25,3957.25,4561930000
15/11/2022,4006.41,4028.84,3953.17,3991.73,3991.73,5015310000
16/11/2022,3976.82,3983.09,3954.34,3958.79,3958.79,4165320000
17/11/2022,3919.26,3954.33,3906.54,3946.56,3946.56,4051780000
18/11/2022,3966.39,3979.89,3935.98,3965.34,3965.34,4037360000
21/11/2022,3956.23,3962,3933.34,3949.94,3949.94,3850690000
22/11/2022,3965.51,4005.88,3956.88,4003.58,4003.58,3887990000
23/11/2022,4000.3,4033.78,3998.66,4027.26,4027.26,3279720000
25/11/2022,4023.34,4034.02,4020.76,4026.12,4026.12,1706460000
28/11/2022,4005.36,4012.27,3955.77,3963.94,3963.94,3615430000
29/11/2022,3964.19,3976.77,3937.65,3957.63,3957.63,3546040000
30/11/2022,3957.18,4080.11,3938.58,4080.11,4080.11,6579360000
1/12/2022,4087.14,4100.51,4050.87,4076.57,4076.57,4527130000
2/12/2022,4040.17,4080.48,4026.63,4071.7,4071.7,4012620000
5/12/2022,4052.02,4052.45,3984.49,3998.84,3998.84,4280820000
6/12/2022,3996.63,4001.51,3918.39,3941.26,3941.26,4368380000
7/12/2022,3933.28,3957.57,3922.68,3933.92,3933.92,4118050000
8/12/2022,3947.79,3974.19,3935.83,3963.51,3963.51,4006900000
9/12/2022,3954.17,3977.02,3933.04,3934.38,3934.38,3888260000
12/12/2022,3939.29,3990.71,3935.3,3990.56,3990.56,3904130000
13/12/2022,4069.38,4100.96,3993.03,4019.65,4019.65,5079360000
14/12/2022,4015.54,4053.76,3965.65,3995.32,3995.32,4472340000
15/12/2022,3958.37,3958.37,3879.45,3895.75,3895.75,4493900000
16/12/2022,3890.91,3890.91,3827.91,3852.36,3852.36,7493660000
19/12/2022,3853.79,3854.86,3800.04,3817.66,3817.66,3969610000
20/12/2022,3810.47,3838.24,3795.62,3821.62,3821.62,3985370000
21/12/2022,3839.49,3889.82,3839.49,3878.44,3878.44,3775200000
22/12/2022,3853.26,3853.26,3764.49,3822.39,3822.39,3956950000
23/12/2022,3815.11,3845.8,3797.01,3844.82,3844.82,2819280000
27/12/2022,3843.34,3846.65,3813.22,3829.25,3829.25,3030300000
28/12/2022,3829.56,3848.32,3780.78,3783.22,3783.22,3083520000
29/12/2022,3805.45,3858.19,3805.45,3849.28,3849.28,3003680000
30/12/2022,3829.06,3839.85,3800.34,3839.5,3839.5,2979870000
3/1/2023,3853.29,3878.46,3794.33,3824.14,3824.14,3959140000
4/1/2023,3840.36,3873.16,3815.77,3852.97,3852.97,4414080000
5/1/2023,3839.74,3839.74,3802.42,3808.1,3808.1,3893450000
6/1/2023,3823.37,3906.19,3809.56,3895.08,3895.08,3923560000
9/1/2023,3910.82,3950.57,3890.42,3892.09,3892.09,4311770000
10/1/2023,3888.57,3919.83,3877.29,3919.25,3919.25,3851030000
11/1/2023,3932.35,3970.07,3928.54,3969.61,3969.61,4303360000
12/1/2023,3977.57,3997.76,3937.56,3983.17,3983.17,4440260000
13/1/2023,3960.6,4003.95,3947.67,3999.09,3999.09,3939700000
17/1/2023,3999.28,4015.39,3984.57,3990.97,3990.97,4235560000
18/1/2023,4002.25,4014.16,3926.59,3928.86,3928.86,4298710000
19/1/2023,3911.84,3922.94,3885.54,3898.85,3898.85,3991500000
20/1/2023,3909.04,3972.96,3897.86,3972.61,3972.61,4013360000
23/1/2023,3978.14,4039.31,3971.64,4019.81,4019.81,3945210000
24/1/2023,4001.74,4023.92,3989.79,4016.95,4016.95,3320430000
25/1/2023,3982.71,4019.55,3949.06,4016.22,4016.22,3724020000
26/1/2023,4036.08,4061.57,4013.29,4060.43,4060.43,3809590000
27/1/2023,4053.72,4094.21,4048.7,4070.56,4070.56,3907760000
30/1/2023,4049.27,4063.85,4015.55,4017.77,4017.77,3802000000
31/1/2023,4020.85,4077.16,4020.44,4076.6,4076.6,4679320000
1/2/2023,4070.07,4148.95,4037.2,4119.21,4119.21,4856930000
2/2/2023,4158.68,4195.44,4141.88,4179.76,4179.76,5624360000
3/2/2023,4136.69,4182.36,4123.36,4136.48,4136.48,4694510000
6/2/2023,4119.57,4124.63,4093.38,4111.08,4111.08,4114240000
7/2/2023,4105.35,4176.54,4088.39,4164,4164,4355860000
8/2/2023,4153.47,4156.85,4111.67,4117.86,4117.86,4029820000
9/2/2023,4144.25,4156.23,4069.67,4081.5,4081.5,4270200000
10/2/2023,4068.92,4094.36,4060.79,4090.46,4090.46,3891520000
13/2/2023,4096.62,4138.9,4092.67,4137.29,4137.29,3448620000
14/2/2023,4126.7,4159.77,4095.01,4136.13,4136.13,3929200000
15/2/2023,4119.5,4148.11,4103.98,4147.6,4147.6,4075980000
16/2/2023,4114.75,4136.54,4089.49,4090.41,4090.41,4143660000
17/2/2023,4077.39,4081.51,4047.95,4079.09,4079.09,4045480000
21/2/2023,4052.35,4052.35,3995.19,3997.34,3997.34,4121590000
22/2/2023,4001.83,4017.37,3976.9,3991.05,3991.05,4079320000
23/2/2023,4018.6,4028.3,3969.19,4012.32,4012.32,3952940000
24/2/2023,3973.24,3978.25,3943.08,3970.04,3970.04,3877700000
27/2/2023,3992.36,4018.05,3973.55,3982.24,3982.24,3836950000
28/2/2023,3977.19,3997.5,3968.98,3970.15,3970.15,5043400000
1/3/2023,3963.34,3971.73,3939.05,3951.39,3951.39,4249480000
2/3/2023,3938.68,3990.84,3928.16,3981.35,3981.35,4244900000
3/3/2023,3998.02,4048.29,3995.17,4045.64,4045.64,4084730000
6/3/2023,4055.15,4078.49,4044.61,4048.42,4048.42,4000870000
7/3/2023,4048.26,4050,3980.31,3986.37,3986.37,3922500000
8/3/2023,3987.55,4000.41,3969.76,3992.01,3992.01,3535570000
9/3/2023,3998.66,4017.81,3908.7,3918.32,3918.32,4445260000
10/3/2023,3912.77,3934.05,3846.32,3861.59,3861.59,5518190000
13/3/2023,3835.12,3905.05,3808.86,3855.76,3855.76,6558020000
14/3/2023,3894.01,3937.29,3873.63,3919.29,3919.29,5665870000
15/3/2023,3876.74,3894.26,3838.24,3891.93,3891.93,6594010000
16/3/2023,3878.93,3964.46,3864.11,3960.28,3960.28,5695790000
17/3/2023,3958.69,3958.91,3901.27,3916.64,3916.64,9354280000
20/3/2023,3917.47,3956.62,3916.89,3951.57,3951.57,5347140000
21/3/2023,3975.89,4009.08,3971.19,4002.87,4002.87,4920240000
22/3/2023,4002.04,4039.49,3936.17,3936.97,3936.97,4533010000
23/3/2023,3959.21,4007.66,3919.05,3948.72,3948.72,4991600000
24/3/2023,3939.21,3972.74,3909.16,3970.99,3970.99,4583970000
27/3/2023,3982.93,4003.83,3970.49,3977.53,3977.53,4233540000
28/3/2023,3974.13,3979.2,3951.53,3971.27,3971.27,4014600000
29/3/2023,3999.53,4030.59,3999.53,4027.81,4027.81,4145250000
30/3/2023,4046.74,4057.85,4032.1,4050.83,4050.83,3930860000
31/3/2023,4056.18,4110.75,4056.18,4109.31,4109.31,4525120000
3/4/2023,4102.2,4127.66,4098.79,4124.51,4124.51,4234700000
4/4/2023,4128.03,4133.13,4086.87,4100.6,4100.6,4227800000
5/4/2023,4094.5,4099.69,4072.56,4090.38,4090.38,3968020000
6/4/2023,4081.15,4107.32,4069.84,4105.02,4105.02,3486690000
10/4/2023,4085.2,4109.5,4072.55,4109.11,4109.11,3423650000
11/4/2023,4110.29,4124.26,4102.61,4108.94,4108.94,3665830000
12/4/2023,4121.72,4134.37,4086.94,4091.95,4091.95,3633120000
13/4/2023,4100.04,4150.26,4099.4,4146.22,4146.22,3596590000
14/4/2023,4140.11,4163.19,4113.2,4137.64,4137.64,3575690000
17/4/2023,4137.17,4151.72,4123.18,4151.32,4151.32,3611180000
18/4/2023,4164.26,4169.48,4140.36,4154.87,4154.87,3536640000
19/4/2023,4139.33,4162.57,4134.49,4154.52,4154.52,3572560000
20/4/2023,4130.48,4148.57,4114.57,4129.79,4129.79,3772080000
21/4/2023,4132.14,4138.02,4113.86,4133.52,4133.52,3611750000
24/4/2023,4132.07,4142.41,4117.77,4137.04,4137.04,3290940000
25/4/2023,4126.43,4126.43,4071.38,4071.63,4071.63,3978640000
26/4/2023,4087.78,4089.67,4049.35,4055.99,4055.99,3837030000
27/4/2023,4075.29,4138.24,4075.29,4135.35,4135.35,3750550000
28/4/2023,4129.63,4170.06,4127.18,4169.48,4169.48,4087800000
1/5/2023,4166.79,4186.92,4164.12,4167.87,4167.87,3321370000
2/5/2023,4164.1,4164.1,4089.72,4119.58,4119.58,4486130000
3/5/2023,4122.25,4148.3,4088.86,4090.75,4090.75,4246510000
4/5/2023,4082.55,4082.61,4048.28,4061.22,4061.22,4920090000
5/5/2023,4084.73,4147.02,4084.73,4136.25,4136.25,4186270000
8/5/2023,4136.98,4142.3,4123.81,4138.12,4138.12,3641640000
9/5/2023,4124.25,4130.35,4116.65,4119.17,4119.17,3810140000
10/5/2023,4143.74,4154.28,4098.92,4137.64,4137.64,4057160000
11/5/2023,4132.24,4132.8,4109.29,4130.62,4130.62,3752900000
12/5/2023,4138.54,4143.74,4099.12,4124.08,4124.08,3533740000
15/5/2023,4126.65,4141.25,4110.27,4136.28,4136.28,3562170000
16/5/2023,4127.95,4135.54,4109.86,4109.9,4109.9,3654200000
17/5/2023,4122.85,4164.67,4113.62,4158.77,4158.77,4039080000
18/5/2023,4157.68,4202.2,4153.5,4198.05,4198.05,3980500000
19/5/2023,4204.15,4212.91,4180.2,4191.98,4191.98,4041900000
22/5/2023,4190.78,4209.22,4179.68,4192.63,4192.63,3728520000
23/5/2023,4176.8,4185.68,4142.54,4145.58,4145.58,4155320000
24/5/2023,4132.96,4132.96,4103.98,4115.24,4115.24,3739160000
25/5/2023,4155.71,4165.74,4129.73,4151.28,4151.28,4147760000
26/5/2023,4156.16,4212.87,4156.16,4205.45,4205.45,3715460000
30/5/2023,4226.71,4231.1,4192.18,4205.52,4205.52,4228510000
31/5/2023,4190.74,4195.44,4166.15,4179.83,4179.83,5980670000
1/6/2023,4183.03,4232.43,4171.64,4221.02,4221.02,4391860000
2/6/2023,4241.01,4290.67,4241.01,4282.37,4282.37,4454200000
5/6/2023,4282.99,4299.28,4266.82,4273.79,4273.79,3813290000
6/6/2023,4271.34,4288.33,4263.09,4283.85,4283.85,3996560000
7/6/2023,4285.47,4299.19,4263.96,4267.52,4267.52,4537800000
8/6/2023,4268.69,4298.01,4261.07,4293.93,4293.93,3826740000
9/6/2023,4304.88,4322.62,4291.7,4298.86,4298.86,3786510000
12/6/2023,4308.32,4340.13,4304.37,4338.93,4338.93,3945670000
13/6/2023,4352.61,4375.37,4349.31,4369.01,4369.01,4275400000
14/6/2023,4366.29,4391.82,4337.85,4372.59,4372.59,4252110000
15/6/2023,4365.33,4439.2,4362.6,4425.84,4425.84,4176690000
16/6/2023,4440.95,4448.47,4407.44,4409.59,4409.59,6848600000
20/6/2023,4396.11,4400.15,4367.19,4388.71,4388.71,4055790000
21/6/2023,4380.01,4386.22,4360.14,4365.69,4365.69,3709330000
22/6/2023,4355.4,4382.25,4351.82,4381.89,4381.89,3511000000
23/6/2023,4354.17,4366.55,4341.34,4348.33,4348.33,6053620000
26/6/2023,4344.84,4362.06,4328.08,4328.82,4328.82,3415030000
27/6/2023,4337.36,4384.42,4335,4378.41,4378.41,3573500000
28/6/2023,4367.48,4390.35,4360.22,4376.86,4376.86,3739330000
29/6/2023,4374.94,4398.39,4371.97,4396.44,4396.44,3696660000
30/6/2023,4422.44,4458.48,4422.44,4450.38,4450.38,3923450000
3/7/2023,4450.48,4456.46,4442.29,4455.59,4455.59,2034280000
5/7/2023,4442.04,4454.06,4436.61,4446.82,4446.82,3482620000
6/7/2023,4422.62,4422.62,4385.05,4411.59,4411.59,3682020000
7/7/2023,4404.54,4440.39,4397.4,4398.95,4398.95,3630480000
10/7/2023,4394.23,4412.6,4389.92,4409.53,4409.53,3429600000
11/7/2023,4415.55,4443.64,4408.46,4439.26,4439.26,3624220000
12/7/2023,4467.69,4488.34,4463.23,4472.16,4472.16,3920290000
13/7/2023,4491.5,4517.38,4489.36,4510.04,4510.04,3839530000
14/7/2023,4514.61,4527.76,4499.56,4505.42,4505.42,3647450000
17/7/2023,4508.86,4532.85,4504.9,4522.79,4522.79,3538240000
18/7/2023,4521.78,4562.3,4514.59,4554.98,4554.98,4090010000
19/7/2023,4563.87,4578.43,4557.48,4565.72,4565.72,4115670000
20/7/2023,4554.38,4564.74,4527.56,4534.87,4534.87,3761770000
21/7/2023,4550.16,4555,4535.79,4536.34,4536.34,3570190000
24/7/2023,4543.39,4563.41,4541.29,4554.64,4554.64,3856250000
25/7/2023,4555.19,4580.62,4552.42,4567.46,4567.46,3812470000
26/7/2023,4558.96,4582.47,4547.58,4566.75,4566.75,3990290000
27/7/2023,4598.26,4607.07,4528.56,4537.41,4537.41,4553210000
28/7/2023,4565.75,4590.16,4564.01,4582.23,4582.23,3981010000
31/7/2023,4584.82,4594.22,4573.14,4588.96,4588.96,4503600000
1/8/2023,4578.83,4584.62,4567.53,4576.73,4576.73,4042370000
2/8/2023,4550.93,4550.93,4505.75,4513.39,4513.39,4270710000
3/8/2023,4494.27,4519.49,4485.54,4501.89,4501.89,4149120000
4/8/2023,4513.96,4540.34,4474.55,4478.03,4478.03,4143310000
7/8/2023,4491.58,4519.84,4491.15,4518.44,4518.44,3493920000
8/8/2023,4498.03,4503.31,4464.39,4499.38,4499.38,3884910000
9/8/2023,4501.57,4502.44,4461.33,4467.71,4467.71,3803100000
10/8/2023,4487.16,4527.37,4457.92,4468.83,4468.83,4504370000
11/8/2023,4450.69,4476.23,4443.98,4464.05,4464.05,3753290000
14/8/2023,4458.13,4490.33,4453.44,4489.72,4489.72,3896410000
15/8/2023,4478.87,4478.87,4432.19,4437.86,4437.86,3832250000
16/8/2023,4433.79,4449.95,4403.55,4404.33,4404.33,3753910000
17/8/2023,4416.32,4421.17,4364.83,4370.36,4370.36,3943700000
18/8/2023,4344.88,4381.82,4335.31,4369.71,4369.71,3940400000
21/8/2023,4380.28,4407.55,4360.3,4399.77,4399.77,3726850000
22/8/2023,4415.33,4418.59,4382.77,4387.55,4387.55,3522760000
23/8/2023,4396.44,4443.18,4396.44,4436.01,4436.01,3837270000
24/8/2023,4455.16,4458.3,4375.55,4376.31,4376.31,3723470000
25/8/2023,4389.38,4418.46,4356.29,4405.71,4405.71,3296180000
28/8/2023,4426.03,4439.56,4414.98,4433.31,4433.31,2957230000
29/8/2023,4432.75,4500.14,4431.68,4497.63,4497.63,3354820000
30/8/2023,4500.34,4521.65,4493.59,4514.87,4514.87,3064110000
31/8/2023,4517.01,4532.26,4507.39,4507.66,4507.66,3946360000
1/9/2023,4530.6,4541.25,4501.35,4515.77,4515.77,3246260000
5/9/2023,4510.06,4514.29,4496.01,4496.83,4496.83,3526250000
6/9/2023,4490.35,4490.35,4442.38,4465.48,4465.48,3418850000
7/9/2023,4434.55,4457.81,4430.46,4451.14,4451.14,3763760000
8/9/2023,4451.3,4473.53,4448.38,4457.49,4457.49,3259290000
11/9/2023,4480.98,4490.77,4467.89,4487.46,4487.46,3369920000
12/9/2023,4473.27,4487.11,4456.83,4461.9,4461.9,3435740000
13/9/2023,4462.65,4479.39,4453.52,4467.44,4467.44,3529430000
14/9/2023,4487.78,4511.99,4478.69,4505.1,4505.1,3648720000
15/9/2023,4497.98,4497.98,4447.21,4450.32,4450.32,6932230000
18/9/2023,4445.13,4466.36,4442.11,4453.53,4453.53,3161230000
19/9/2023,4445.41,4449.85,4416.61,4443.95,4443.95,3614880000
20/9/2023,4452.81,4461.03,4401.38,4402.2,4402.2,3308450000
21/9/2023,4374.36,4375.7,4329.17,4330,4330,3662340000
22/9/2023,4341.74,4357.4,4316.49,4320.06,4320.06,3349570000
25/9/2023,4310.62,4338.51,4302.7,4337.44,4337.44,3195650000
26/9/2023,4312.88,4313.01,4265.98,4273.53,4273.53,3472340000
27/9/2023,4282.63,4292.07,4238.63,4274.51,4274.51,3875880000
28/9/2023,4269.65,4317.27,4264.38,4299.7,4299.7,3846230000
29/9/2023,4328.18,4333.15,4274.86,4288.05,4288.05,3865960000
2/10/2023,4284.52,4300.58,4260.21,4288.39,4288.39,3938660000
3/10/2023,4269.75,4281.15,4216.45,4229.45,4229.45,3953830000
4/10/2023,4233.83,4268.5,4220.48,4263.75,4263.75,3777600000
5/10/2023,4259.31,4267.13,4225.91,4258.19,4258.19,3581470000
6/10/2023,4234.79,4324.1,4219.55,4308.5,4308.5,3902030000
9/10/2023,4289.02,4341.73,4283.79,4335.66,4335.66,3174630000
10/10/2023,4339.75,4385.46,4339.64,4358.24,4358.24,3520240000
11/10/2023,4366.59,4378.64,4345.34,4376.95,4376.95,3601660000
12/10/2023,4380.94,4385.85,4325.43,4349.61,4349.61,3713140000
13/10/2023,4360.49,4377.1,4311.97,4327.78,4327.78,3566560000
16/10/2023,4342.37,4383.33,4342.37,4373.63,4373.63,3409960000
17/10/2023,4345.23,4393.57,4337.54,4373.2,4373.2,3794850000
18/10/2023,4357.35,4364.2,4303.84,4314.6,4314.6,3686030000
19/10/2023,4321.36,4339.54,4269.69,4278,4278,3969730000
20/10/2023,4273.85,4276.56,4223.03,4224.16,4224.16,4004030000
23/10/2023,4210.4,4255.84,4189.22,4217.04,4217.04,3776100000
24/10/2023,4235.79,4259.38,4219.43,4247.68,4247.68,3821820000
25/10/2023,4232.42,4232.42,4181.42,4186.77,4186.77,3869370000
26/10/2023,4175.99,4183.6,4127.9,4137.23,4137.23,4277640000
27/10/2023,4152.93,4156.7,4103.78,4117.37,4117.37,4019500000
30/10/2023,4139.39,4177.47,4132.94,4166.82,4166.82,3911140000
31/10/2023,4171.33,4195.55,4153.12,4193.8,4193.8,4249470000
1/11/2023,4201.27,4245.64,4197.74,4237.86,4237.86,4224900000
2/11/2023,4268.26,4319.72,4268.26,4317.78,4317.78,4669780000
3/11/2023,4334.23,4373.62,4334.23,4358.34,4358.34,4570960000
6/11/2023,4364.27,4372.21,4347.53,4365.98,4365.98,3656340000
7/11/2023,4366.21,4386.26,4355.41,4378.38,4378.38,3791230000
8/11/2023,4384.37,4391.2,4359.76,4382.78,4382.78,3729510000
9/11/2023,4391.41,4393.4,4343.94,4347.35,4347.35,3900780000
10/11/2023,4364.15,4418.03,4353.34,4415.24,4415.24,3665080000
13/11/2023,4406.66,4421.76,4393.82,4411.55,4411.55,3326240000
14/11/2023,4458.97,4508.67,4458.97,4495.7,4495.7,4700350000
15/11/2023,4505.3,4521.17,4495.31,4502.88,4502.88,4347170000
16/11/2023,4497.08,4511.99,4487.83,4508.24,4508.24,3964520000
17/11/2023,4509.55,4520.12,4499.66,4514.02,4514.02,3777240000
20/11/2023,4511.7,4557.11,4510.36,4547.38,4547.38,3644790000
21/11/2023,4538.77,4542.14,4525.51,4538.19,4538.19,3511080000
22/11/2023,4553.04,4568.43,4545.05,4556.62,4556.62,3042810000
24/11/2023,4555.84,4560.31,4552.8,4559.34,4559.34,1639500000
27/11/2023,4554.86,4560.52,4546.32,4550.43,4550.43,3403990000
28/11/2023,4545.55,4568.14,4540.51,4554.89,4554.89,3586240000
29/11/2023,4571.84,4587.64,4547.15,4550.58,4550.58,4418760000
30/11/2023,4554.87,4569.89,4537.24,4567.8,4567.8,5399300000
1/12/2023,4559.43,4599.39,4554.71,4594.63,4594.63,4397120000
4/12/2023,4564.37,4572.37,4546.72,4569.78,4569.78,4369910000
5/12/2023,4557.25,4578.56,4551.68,4567.18,4567.18,3909950000
6/12/2023,4586.23,4590.74,4546.5,4549.34,4549.34,4245680000
7/12/2023,4568.84,4590.92,4565.22,4585.59,4585.59,3818880000
8/12/2023,4576.2,4609.23,4574.06,4604.37,4604.37,3707010000
11/12/2023,4593.39,4623.71,4593.39,4622.44,4622.44,3823210000
12/12/2023,4618.3,4643.93,4608.09,4643.7,4643.7,3808380000
13/12/2023,4646.2,4709.69,4643.23,4707.09,4707.09,5063650000
14/12/2023,4721.04,4738.57,4694.34,4719.55,4719.55,6314040000
15/12/2023,4714.23,4725.53,4704.69,4719.19,4719.19,8218980000
18/12/2023,4725.58,4749.52,4725.58,4740.56,4740.56,4060340000
19/12/2023,4743.72,4768.69,4743.72,4768.37,4768.37,4026970000
