time,sentiment,sample_size
2016-01-01,0.4253195647624877,4779
2016-01-02,0.45950765447935443,4677
2016-01-03,0.43108819388575187,4972
2016-01-04,0.3831373510861866,4281
2016-01-05,0.3689086512524027,5190
2016-01-06,0.4327592903471884,5242
2016-01-07,0.415226843783196,4705
2016-01-08,0.3622567182165021,4979
2016-01-09,0.47233105095540656,5024
2016-01-10,0.32558988952124807,5974
2016-01-11,0.3644371236133028,5048
2016-01-12,0.3692075231691709,5503
2016-01-13,0.3833067006878095,4507
2016-01-14,0.3475315810674623,4965
2016-01-15,0.15887772259666597,5638
2016-01-16,0.20905688857244328,5618
2016-01-17,0.34163054017941646,5239
2016-01-18,0.28306719606730535,5289
2016-01-19,0.31219861008153377,5396
2016-01-20,0.32065355509355387,4810
2016-01-21,0.31122846303923357,4613
2016-01-22,0.2885817681728839,5090
2016-01-23,0.21402903342366583,5535
2016-01-24,0.34368607410490626,4804
2016-01-25,0.3169901646006843,4921
2016-01-26,0.3542489413528126,5337
2016-01-27,0.39146362045497707,5143
2016-01-28,0.2597357733413938,4959
2016-01-29,0.3427571738344656,5534
2016-01-30,0.3820101668302153,5095
2016-01-31,0.2925569967809021,5281
2016-02-01,0.4007871724677252,5114
2016-02-02,0.3335487367855151,5581
2016-02-03,0.3166260773258052,4966
2016-02-04,0.35649066968955984,5734
2016-02-05,0.27473647479307217,5316
2016-02-06,0.2516184795321574,5130
2016-02-07,0.23375022514070778,5330
2016-02-08,0.2741629157427863,5412
2016-02-09,0.2928842607003814,5140
2016-02-10,0.33272933958858936,5542
2016-02-11,0.3059055494303523,5442
2016-02-12,0.3376554959785432,5222
2016-02-13,0.3210884423836446,5823
2016-02-14,0.34787665278028573,5521
2016-02-15,0.2383998214604501,5601
2016-02-16,0.3597033131456954,5614
2016-02-17,0.36360077241898653,5308
2016-02-18,0.1785607549317159,5272
2016-02-19,0.3316054307880666,4898
2016-02-20,0.3568086097794706,5215
2016-02-21,0.37359471124619037,4935
2016-02-22,0.3222687670764932,5856
2016-02-23,0.3744658899923512,5236
2016-02-24,0.336795609039122,5443
2016-02-25,0.3559717546645385,5038
2016-02-26,0.3963868274582546,8009
2016-02-27,0.3972077338476257,5185
2016-02-28,0.39504254480991263,5077
2016-02-29,0.34601949563529605,5155
2016-03-01,0.24654826677478028,4933
2016-03-02,0.35675242995996337,5247
2016-03-03,0.33784858703842136,5308
2016-03-04,0.2726872491145153,5082
2016-03-05,0.3763786938932672,5191
2016-03-06,0.3380212632404772,5098
2016-03-07,0.3381076093351545,5099
2016-03-08,0.3763786938932672,5191
2016-03-09,0.3498731923464169,4965
2016-03-10,0.33033614718613996,5082
2016-03-11,0.3224757786116235,5330
2016-03-12,0.29253614749143225,4963
2016-03-13,0.3008562881097514,5248
2016-03-14,0.30098854102404804,6484
2016-03-15,0.2669814246068414,5405
2016-03-16,0.3381389026010943,5267
2016-03-17,0.288153190676341,5234
2016-03-18,0.28817423977630224,5722
2016-03-19,0.2885745492903641,5214
2016-03-20,0.3434886883973499,5154
2016-03-21,0.355733711248887,5645
2016-03-22,0.26718441752095856,5365
2016-03-23,0.32932874062375844,5066
2016-03-24,0.32428491314198343,5296
2016-03-25,0.3808252644679387,4821
2016-03-26,0.3746017108639847,7132
2016-03-27,0.3698464187327709,5082
2016-03-28,0.3381437762504684,5238
2016-03-29,0.3466711516958536,5366
2016-03-30,0.39616431694944504,5717
2016-03-31,0.30303223728812584,5900
2016-04-01,0.3845635475852205,5632
2016-04-02,0.38036821156906614,5653
2016-04-03,0.3703564239420416,5246
2016-04-04,0.343071343226049,5189
2016-04-05,0.3664030989488871,5518
2016-04-06,0.4016246644587693,5737
2016-04-07,0.37313929085672115,5556
2016-04-08,0.35222293328498055,5516
2016-04-09,0.3803665518560914,5226
2016-04-10,0.3514143225039535,5048
2016-04-11,0.34973914997956124,4894
2016-04-12,0.31412367876621267,5317
2016-04-13,0.3267624743537044,4874
2016-04-14,0.32704141172132706,5426
2016-04-15,0.3262092836113762,5095
2016-04-16,0.2770388726350601,5127
2016-04-17,0.3497153326293459,4735
2016-04-18,0.2644667773437446,5120
2016-04-19,0.3017306656552193,5273
2016-04-20,0.26430354944603623,4874
2016-04-21,0.2903307628695402,4837
2016-04-22,0.3189694658033139,4942
2016-04-23,0.38026377733597566,5030
2016-04-24,0.3174071663920864,4856
2016-04-25,0.329306100526953,4934
2016-04-26,0.3124588537386968,4868
2016-04-27,0.3792398299813283,4823
2016-04-28,0.33429139240505784,5135
2016-04-29,0.3576448296007701,5135
2016-04-30,0.40519362613818133,5601
2016-05-01,0.36310645637334954,5421
2016-05-02,0.18729570763311865,4939
2016-05-03,0.30813922734026045,4711
2016-05-04,0.23659514731369022,4616
2016-05-05,0.20648146702280476,4867
2016-05-06,0.2078140383426082,4851
2016-05-07,0.2689917447306732,5124
2016-05-08,0.35049324792242476,5776
2016-05-09,0.3265867596484484,5234
2016-05-10,0.3604571483034681,5246
2016-05-11,0.37739885817307006,4992
2016-05-12,0.32809291998323575,4774
2016-05-13,0.28166229962397954,5053
2016-05-14,0.37939751992913295,4516
2016-05-15,0.3014645617529886,5020
2016-05-16,0.27463099912739447,4584
2016-05-17,0.33570107913668956,4448
2016-05-18,0.26552087618263864,4862
2016-05-19,0.2732430620154998,5160
2016-05-20,0.3051162568049491,5327
2016-05-21,0.31765363076348035,5357
2016-05-22,0.4097311028037328,5350
2016-05-23,0.32875007304600773,5476
2016-05-24,0.4494476584899499,6278
2016-05-25,0.3544074033552039,5484
2016-05-26,0.31587238979118143,5172
2016-05-27,0.24827160645029667,4899
2016-05-28,0.38099360150061884,4798
2016-05-29,0.3284799157007376,4745
2016-05-30,0.2800896477071434,5081
2016-05-31,0.3099834273772165,4785
2016-06-01,0.30061911604615205,4593
2016-06-02,0.2450102024453806,4989
2016-06-03,0.3025819760619547,4261
2016-06-04,0.27140120928418454,5127
2016-06-05,0.35819220485396086,4862
2016-06-06,0.2988258504875425,4615
2016-06-07,0.24017513079222366,5352
2016-06-08,0.2887698920177814,4723
2016-06-09,0.30201992948983597,4822
2016-06-10,0.3222471579857348,4627
2016-06-11,0.4076634307050225,4553
2016-06-12,0.341134429028811,4685
2016-06-13,0.3366560148821822,4838
2016-06-14,0.3468956086122337,4691
2016-06-15,0.2871656536312804,4475
2016-06-16,0.3365956876206801,4661
2016-06-17,0.27592476990795867,4998
2016-06-18,0.2947043637767876,5179
2016-06-19,0.3439561633281947,5192
2016-06-20,0.3325847367342702,4881
2016-06-21,0.23146834750911277,4938
2016-06-22,0.2579677067082685,5128
2016-06-23,0.2787046361880205,4659
2016-06-24,0.34679653206650646,4210
2016-06-25,0.37565044539115683,5164
2016-06-26,0.3088728749999964,4800
2016-06-27,0.2967777047913456,5176
2016-06-28,0.28987434554973207,4393
2016-06-29,0.21678311970025452,5071
2016-06-30,0.2174852923202279,4909
2016-07-01,0.18370020475020263,4884
2016-07-02,0.27316696747114266,4765
2016-07-03,0.3130358439024379,5125
2016-07-04,0.34076120481927374,4565
2016-07-05,0.08666129217791463,5216
2016-07-06,0.19613104959171396,5021
2016-07-07,0.33019397209302953,5375
2016-07-08,0.13072807817589727,4605
2016-07-09,0.23938360098242908,5293
2016-07-10,0.1484148699664373,4768
2016-07-11,0.22462149768615772,4754
2016-07-12,0.2040144638949629,4570
2016-07-13,0.2141397016254695,4491
2016-07-14,0.260020643623358,4195
2016-07-15,0.20490995113283028,4502
2016-07-16,0.16607955493741386,4314
2016-07-17,0.15321263460158177,4179
2016-07-18,0.20689755082047337,4083
2016-07-19,0.32649065991988774,4743
2016-07-20,0.18357908833376166,6115
2016-07-21,0.0882329504360773,4701
2016-07-22,0.09082587096774271,4650
2016-07-23,0.18911767171129232,4295
2016-07-24,0.13142914859621033,4381
2016-07-25,0.06063672473867565,4305
2016-07-26,0.12135496540950716,4481
2016-07-27,0.20937607718741608,5598
2016-07-28,0.14419277794426236,5005
2016-07-29,0.17608367202268196,4232
2016-07-30,0.2484057277460941,4033
2016-07-31,0.18399458969712582,5442
2016-08-01,0.2412003145360596,4451
2016-08-02,0.10470374837632286,5389
2016-08-03,0.003304272972412454,4821
2016-08-04,0.13751178188899657,4108
2016-08-05,0.008701318027211457,4704
2016-08-06,0.16387239610056512,5676
2016-08-07,0.07583801348865746,4893
2016-08-08,0.07778980357536949,4531
2016-08-09,0.14059518151815262,4545
2016-08-10,0.15275423548215314,5657
2016-08-11,0.20738133926480956,4271
2016-08-12,0.22711955856643787,4576
2016-08-13,0.25547670857142757,4375
2016-08-14,0.2797141206030126,5846
2016-08-15,0.21700561956741438,4947
2016-08-16,0.16475889865996549,4776
2016-08-17,0.18359451549434558,4066
2016-08-18,0.13998028628829692,6209
2016-08-19,0.1481365494296579,4208
2016-08-20,0.22253979925303163,4284
2016-08-21,0.24657150011381532,4393
2016-08-22,0.1962635220125788,4611
2016-08-23,0.21294155087404695,4462
2016-08-24,0.27988746282314825,4371
2016-08-25,0.20007696522153162,4198
2016-08-26,0.14116481481481014,5022
2016-08-27,0.23851097230897633,4803
2016-08-28,0.23438611303344756,4335
2016-08-29,0.16967788268380699,4978
2016-08-30,0.20455760226395509,5844
2016-08-31,0.27151969540526444,5827
2016-09-01,0.3388485923823019,4227
2016-09-02,0.2287901587964893,4786
2016-09-03,0.26827307415406726,4167
2016-09-04,0.30963076521285005,5073
2016-09-05,0.226076895984971,4259
2016-09-06,0.2624447919061857,4349
2016-09-07,0.3069095108695654,4048
2016-09-08,0.25273369033760423,4295
2016-09-09,0.2692117964352718,4264
2016-09-10,0.28042864812103424,4098
2016-09-11,0.22487355316285118,4458
2016-09-12,0.23980054336889195,4969
2016-09-13,0.29028274376417507,4410
2016-09-14,0.1753875901517012,4021
2016-09-15,0.2822328132863611,6068
2016-09-16,0.2672311447400507,4097
2016-09-17,0.26892283263791983,4314
2016-09-18,0.3515082819174131,4214
2016-09-19,0.25279100328531734,5870
2016-09-20,0.29015824286795683,5633
2016-09-21,0.2575968337730834,4548
2016-09-22,0.18654608532583422,4266
2016-09-23,0.19706788902292016,4145
2016-09-24,0.24404409860557805,4016
2016-09-25,0.25460723163841464,4425
2016-09-26,0.27840527142215854,4458
2016-09-27,0.25901758921045154,5207
2016-09-28,0.23614213353799088,5802
2016-09-29,0.22154460648730515,6002
2016-09-30,0.1763124211547826,4122
2016-10-01,0.22290793727382557,4145
2016-10-02,0.25397236055776745,4016
2016-10-03,0.24894870160528734,4236
2016-10-04,0.13587778551532018,4308
2016-10-05,0.2235647845865663,5547
2016-10-06,0.21907250589159652,5463
2016-10-07,0.3173949987977878,4159
2016-10-08,0.4301817229092395,4771
2016-10-09,0.24025074980268077,5952
2016-10-10,0.32082203931203895,4070
2016-10-11,0.25198987341771895,5786
2016-10-12,0.17415020852641427,4316
2016-10-13,0.2884104075523812,4343
2016-10-14,0.3039752453914286,4177
2016-10-15,0.3209531548311936,4295
2016-10-16,0.2678803625377642,5618
2016-10-17,0.29023776015857183,4036
2016-10-18,0.2569891902142991,5273
2016-10-19,0.19765111612741756,5438
2016-10-20,0.32924796783308363,4601
2016-10-21,0.2542977372075108,5662
2016-10-22,0.2913816814396996,4904
2016-10-23,0.3105411566390053,5140
2016-10-24,0.2540493759750377,5525
2016-10-25,0.32970459770114685,4002
2016-10-26,0.238406361262756,4213
2016-10-27,0.23730442002441832,4095
2016-10-28,0.27467792047419237,4049
2016-10-29,0.17121941054570278,4343
2016-10-30,0.19865881057268878,4086
2016-10-31,0.26360431034483073,4524
2016-11-01,0.3423355846542645,4353
2016-11-02,0.31644575796178437,5799
2016-11-03,0.1553462585034025,4410
2016-11-04,0.25457588668302644,4483
2016-11-05,0.30265002544529557,4526
2016-11-06,0.3621838224228759,5161
2016-11-07,0.33661168471417796,5839
2016-11-08,0.2689029879060933,4217
2016-11-09,0.2025412417763143,4864
2016-11-10,0.326100091806289,4357
2016-11-11,0.29357862575400046,5652
2016-11-12,0.24651069356872757,4691
2016-11-13,0.3262045871559641,4142
2016-11-14,0.28505038343558237,5902
2016-11-15,0.2723411734823453,5877
2016-11-16,0.2807211923726778,4143
2016-11-17,0.3094616493802169,5919
2016-11-18,0.29643611111110774,4104
2016-11-19,0.32588967538322816,4436
2016-11-20,0.30766545701973047,4409
2016-11-21,0.2670456850316904,4102
2016-11-22,0.23285568157033765,4585
2016-11-23,0.23327342293518255,4613
2016-11-24,0.2764132759401905,4414
2016-11-25,0.2628120852017921,4460
2016-11-26,0.27221036925719005,4658
2016-11-27,0.2886441617446596,4402
2016-11-28,0.2770546398891962,6317
2016-11-29,0.2848935241990453,4401
2016-11-30,0.29452092828768595,4783
2016-12-01,0.2683757799066589,4071
2016-12-02,0.2788755910987481,4314
2016-12-03,0.2157492900120344,4155
2016-12-04,0.26347326757713707,5473
2016-12-05,0.24575417439703176,4312
2016-12-06,0.24575417439703176,4312
2016-12-07,0.24136034786437413,4542
2016-12-08,0.21247764565992713,4205
2016-12-09,0.2375560606060597,4290
2016-12-10,0.25993367932861994,4528
2016-12-11,0.2548740791896834,4344
2016-12-12,0.25557789041757023,4143
2016-12-13,0.32379840332458093,4572
2016-12-14,0.19567313302852168,4593
2016-12-15,0.19909723856948633,4418
2016-12-16,0.19327313835770207,4445
2016-12-17,0.2275617837568512,4014
2016-12-18,0.19979490812486123,4517
2016-12-19,0.201395600251414,4773
2016-12-20,0.23378224068253248,4454
2016-12-21,0.19869815081652073,4164
2016-12-22,0.24525213071318144,4529
2016-12-23,0.2417966643502441,4317
2016-12-24,0.3803939820986488,5251
2016-12-25,0.2789772424868068,4359
2016-12-26,0.28565759520752965,4674
2016-12-27,0.28774697593756476,4613
2016-12-28,0.2748666428911065,4206
2016-12-29,0.2645449744841351,4507
2016-12-30,0.295246567967694,4458
2016-12-31,0.33399617573412416,4393
2017-01-01,0.3135634356370039,4529
2017-01-02,0.2987537886100358,4144
2017-01-03,0.32591950648798657,4701
2017-01-04,0.20960716715808542,4409
2017-01-05,0.21203010118043678,5235
2017-01-06,0.17373020337515918,4622
2017-01-07,0.22779589779652834,4266
2017-01-08,0.2383007834757835,4212
2017-01-09,0.09011858590035095,4837
2017-01-10,0.2235330971883992,4517
2017-01-11,0.16593483258370817,4002
2017-01-12,0.16148283294842108,5999
2017-01-13,0.16482245206861554,6128
2017-01-14,0.2451859378443901,4537
2017-01-15,0.23351012026321846,4407
2017-01-16,0.24608905295315753,6071
2017-01-17,0.22427448979591652,5538
2017-01-18,0.15860670430487078,4251
2017-01-19,0.22284524466750288,5884
2017-01-20,0.28348057024603185,4349
2017-01-21,0.33928766271614225,5147
2017-01-22,0.303825808080806,6172
2017-01-23,0.23127897016361604,4156
2017-01-24,0.2543474061264815,4048
2017-01-25,0.20394077134986183,4356
2017-01-26,0.14928095544130304,4668
2017-01-27,0.17588908722109484,4930
2017-01-28,0.28239457845712784,4187
2017-01-29,0.2898718477762481,4362
2017-01-30,0.24261643167028363,5662
2017-01-31,0.20980101377697005,5791
2017-02-01,0.2052760724753544,5654
2017-02-02,0.20125292797846123,4457
2017-02-03,0.1818778508771928,4104
2017-02-04,0.21303184961106236,4628
2017-02-05,0.26559748993606336,4223
2017-02-06,0.23429630955043565,4471
2017-02-07,0.28980180894309004,4920
2017-02-08,0.23965926024481213,5620
2017-02-09,0.0693250443000599,5079
2017-02-10,0.20004860108303374,4432
2017-02-11,0.2745287361732178,4249
2017-02-12,0.28250824842309796,4122
2017-02-13,0.22898124536694017,4047
2017-02-14,0.20266932673693192,4649
2017-02-15,0.22788961820083667,5723
2017-02-16,0.2691249710982647,4325
2017-02-17,0.2805265786749463,5879
2017-02-18,0.26824463487332345,4026
2017-02-19,0.2823599307444961,4043
2017-02-20,0.3014773823415061,5142
2017-02-21,0.216464418552543,4463
2017-02-22,0.16255256257449163,4195
2017-02-23,0.254150936227955,5419
2017-02-24,0.15838904633378253,4446
2017-02-25,0.18582940087902028,4323
2017-02-26,0.20513927954601716,4053
2017-02-27,0.17152252293577877,4360
2017-02-28,0.24777126463162777,4357
2017-03-01,0.25057356076759085,4221
2017-03-02,0.2083711832460747,4775
2017-03-03,0.2594835099032706,4342
2017-03-04,0.22206156987296022,4408
2017-03-05,0.24973348027842238,4310
2017-03-06,0.22976379516630682,4179
2017-03-07,0.24673750000000233,4400
2017-03-08,0.19717652432547425,4707
2017-03-09,0.2299515254237281,4425
2017-03-10,-0.017034183944710228,5643
2017-03-11,0.12655833170158642,5107
2017-03-12,0.19310182838146517,4813
2017-03-13,0.11487312312312283,4662
2017-03-14,0.14653287822065683,4541
2017-03-15,0.09542410582010528,4725
2017-03-16,0.1891708368734066,4708
2017-03-17,0.1309175899359957,4531
2017-03-18,0.11215636787454947,4719
2017-03-19,0.1461997952497951,4884
2017-03-20,0.15051850683490942,4755
2017-03-21,0.14428088268407954,4441
2017-03-22,0.14963984264676028,4957
2017-03-23,0.1611891596118128,4843
2017-03-24,0.10773247763516229,5142
2017-03-25,0.200398938287988,4521
2017-03-26,0.18206866330390906,4758
2017-03-27,0.1796816972767572,4737
2017-03-28,0.07164977899389517,4751
2017-03-29,0.07712782839787442,5268
2017-03-30,0.19803361992945182,4536
2017-03-31,0.18936435643564484,4444
2017-04-01,0.2693691243243241,4625
2017-04-02,0.22463498064222479,4391
2017-04-03,0.2146683730569963,4825
2017-04-04,0.2167008464613226,4253
2017-04-05,0.20213483586477127,4082
2017-04-06,0.1860839096045204,4425
2017-04-07,0.20464293844856887,4744
2017-04-08,0.20641858678955585,4557
2017-04-09,0.22507920227920053,4212
2017-04-10,0.22442172387872703,6072
2017-04-11,0.23933537536199434,4489
2017-04-12,0.24735092504743947,4216
2017-04-13,0.20383444314185442,4265
2017-04-14,0.18792272213429928,4423
2017-04-15,0.26086225118483425,4220
2017-04-16,0.2685128722867237,5763
2017-04-17,0.25153170198820607,4577
2017-04-18,0.20897617788461448,4160
2017-04-19,0.22629861740707022,4412
2017-04-20,0.23124288135593185,4130
2017-04-21,0.25479376280446436,4393
2017-04-22,0.21812352168199653,4566
2017-04-23,0.266481449080302,4458
2017-04-24,0.1984919091847267,4845
2017-04-25,0.10795916356470354,4567
2017-04-26,0.21196445977011608,4350
2017-04-27,0.2232542563143102,4276
2017-04-28,0.17616602104256388,4182
2017-04-29,0.2693604423221924,5966
2017-04-30,0.2097413245306405,4847
2017-05-01,0.22698761229314648,4230
2017-05-02,0.19264446261682158,4280
2017-05-03,0.21988259286234443,4119
2017-05-04,0.22530114219114147,4290
2017-05-05,0.25290283444277595,4657
2017-05-06,0.16577920296167079,4592
2017-05-07,0.21065795136646964,4647
2017-05-08,0.208643280815569,4316
2017-05-09,0.251763902694218,5840
2017-05-10,0.20681695073546638,4283
2017-05-11,0.23585690607735074,4344
2017-05-12,0.10790678004535192,4410
2017-05-13,0.13668766190998963,4555
2017-05-14,0.1780203412662777,4454
2017-05-15,0.12775382052421178,4502
2017-05-16,0.12999644097222338,4608
2017-05-17,0.18469436561793118,4863
2017-05-18,0.2363510173484683,4669
2017-05-19,0.1835922067097307,4799
2017-05-20,0.2514820689655182,4205
2017-05-21,0.222657086522849,4311
2017-05-22,0.25432795773030403,4353
2017-05-23,0.2485694234506602,4631
2017-05-24,0.25324380828453763,4611
2017-05-25,0.1745254422362959,4579
2017-05-26,0.20837937999060768,4258
2017-05-27,0.20089223602484663,4508
2017-05-28,0.2196953819700323,4071
2017-05-29,0.19421042633090668,4527
2017-05-30,0.19699344997756846,4458
2017-05-31,0.1965006953790924,4458
2017-06-01,0.24816174999999957,4400
2017-06-02,0.28296387128229894,4102
2017-06-03,0.26905903103371226,4479
2017-06-04,0.26475825176417095,4393
2017-06-05,0.2740933800271128,4426
2017-06-06,0.23222665808113313,4659
2017-06-07,0.23073681318681324,4368
2017-06-08,0.2450909480812643,4430
2017-06-09,0.24598515909643107,4117
2017-06-10,0.23997936135243098,4259
2017-06-11,0.24061267474370798,4292
2017-06-12,0.17193355306526154,4551
2017-06-13,0.2197745227272728,4400
2017-06-14,0.13585343527891372,4643
2017-06-15,0.16832363074204923,4528
2017-06-16,0.2474871015567072,4047
2017-06-17,0.26100542548401484,4442
2017-06-18,0.24334596792410138,4427
2017-06-19,0.21847245042492766,4236
2017-06-20,0.2111002661343999,4509
2017-06-21,0.21229879465264237,4563
2017-06-22,0.2721461200923784,4330
2017-06-23,0.24827057208238093,4370
2017-06-24,0.27379851977675596,4121
2017-06-25,0.23300827239488123,4376
2017-06-26,0.16743774520370813,4639
2017-06-27,0.13407678532430625,4579
2017-06-28,0.20711060606060655,4488
2017-06-29,0.19953364184244535,4646
2017-06-30,0.15017827489782853,4649
2017-07-01,0.19866005721830912,4544
2017-07-02,0.19516655003499014,4287
2017-07-03,0.2027034523250363,4258
2017-07-04,0.24330772813889529,4723
2017-07-05,0.10229331262939999,4830
2017-07-06,0.19578638487680702,4708
2017-07-07,0.24063736335811084,4574
2017-07-08,0.2582025800506789,4341
2017-07-09,0.2776638620109389,4754
2017-07-10,0.20464349584841712,4697
2017-07-11,0.1759741594827598,4640
2017-07-12,0.24841227883180916,4691
2017-07-13,0.23066498510004163,4698
2017-07-14,0.1268300021083709,4743
2017-07-15,0.15656311909698245,4341
2017-07-16,0.1535863096478438,4799
2017-07-17,0.13515932504440473,4504
2017-07-18,0.19389564753573663,4687
2017-07-19,0.18072563613231596,4716
2017-07-20,0.22288108397600878,4668
2017-07-21,0.2296888175113018,4203
2017-07-22,0.1826639233370897,4435
2017-07-23,0.22032683972912195,4430
2017-07-24,0.21445863292336856,4228
2017-07-25,0.19361278077268537,4452
2017-07-26,0.04017714793600676,5063
2017-07-27,0.1588362519544341,4477
2017-07-28,0.16830523457862737,4604
2017-07-29,0.15836668325453954,4019
2017-07-30,0.16616664160400943,6230
2017-07-31,0.09699607134249176,4149
2017-08-01,0.11246644596831233,4229
2017-08-02,0.13220343452249148,4513
2017-08-03,0.1331208139534881,4300
2017-08-04,0.13587610203070855,4038
2017-08-05,0.1926819790628119,4012
2017-08-06,0.16333628177966,5785
2017-08-07,0.22031162094763213,4010
2017-08-08,0.17819184745375596,4379
2017-08-09,0.2089081048289233,4121
2017-08-10,0.21387116930256825,6034
2017-08-11,0.2330556383252008,5842
2017-08-12,0.21923964511424415,4114
2017-08-13,0.21594478989555407,4117
2017-08-14,0.2118883809099046,4484
2017-08-15,0.24302274319590272,5485
2017-08-16,0.20372148302148274,4329
2017-08-17,0.19222469135802284,4131
2017-08-18,0.20017836202885006,4298
2017-08-19,0.25898564266180424,4388
2017-08-20,0.226059302609118,4101
2017-08-21,0.23284673295454583,4224
2017-08-22,0.16046626281453916,4292
2017-08-23,0.19574835096453044,4821
2017-08-24,0.22701388012618184,4438
2017-08-25,0.21250758122743854,4709
2017-08-26,0.2263418511957458,4516
2017-08-27,0.21995301177013635,4333
2017-08-28,0.22138821042743106,4258
2017-08-29,0.20665831971995294,4285
2017-08-30,0.2287164438189075,4263
2017-08-31,0.17977928449014619,4668
2017-09-01,0.2378899420160551,4484
2017-09-02,0.2613319636884848,4186
2017-09-03,0.22258408631153132,4449
2017-09-04,0.11290411778237883,4347
2017-09-05,0.19474968332160497,4263
2017-09-06,0.17641460396039643,4444
2017-09-07,0.23436470009832905,4068
2017-09-08,0.12725416579223336,4765
2017-09-09,0.19822847941108826,4347
2017-09-10,0.20509063373718572,4292
2017-09-11,0.15718111967361656,4412
2017-09-12,-0.08035682819383216,5448
2017-09-13,0.04820264264264239,4995
2017-09-14,0.06465122756344192,4847
2017-09-15,0.14954028985507317,4485
2017-09-16,0.14558649003722385,4567
2017-09-17,0.1607217761557171,4932
2017-09-18,0.13702217984745205,4982
2017-09-19,0.12522113299402535,4519
2017-09-20,0.2007176131322108,4508
2017-09-21,0.14495104881000426,4958
2017-09-22,0.13841307232913025,4521
2017-09-23,0.1833731896934702,4502
2017-09-24,0.20131970705725527,4506
2017-09-25,0.2250394224458548,4571
2017-09-26,0.18159273323956762,4266
2017-09-27,0.19871009824080302,4377
2017-09-28,0.124626095487248,4587
2017-09-29,0.19145490283671981,4477
2017-09-30,0.22442495906432763,4275
2017-10-01,0.2317348247232475,4336
2017-10-02,0.18690172498767962,4058
2017-10-03,0.2071167940876647,5788
2017-10-04,0.1819251709986321,4386
2017-10-05,0.21243207622868418,4985
2017-10-06,0.14636010424070137,4221
2017-10-07,0.2251075355450231,4220
2017-10-08,0.1903700487578356,4307
2017-10-09,0.13633657570422525,4544
2017-10-10,0.07596780269058286,4460
2017-10-11,0.20735985564957732,4018
2017-10-12,0.20089376896149383,4285
2017-10-13,0.14476283428090225,4749
2017-10-14,0.21760234796900627,4259
2017-10-15,0.2014366605335785,4348
2017-10-16,0.21692995763566567,4957
2017-10-17,0.1805718576709787,4328
2017-10-18,0.1987632048872189,4256
2017-10-19,0.15672718332943278,4271
2017-10-20,0.18366786945529787,4351
2017-10-21,0.19523464310625555,4301
2017-10-22,0.25837242327072996,4366
2017-10-23,0.16091314490802852,4458
2017-10-24,0.1861750216076062,4628
2017-10-25,0.19084269207378787,4933
2017-10-26,0.21476867469879404,4897
2017-10-27,0.20236428132048215,4877
2017-10-28,0.21101735865724303,4528
2017-10-29,0.14732958086460404,4557
2017-10-30,0.18240606330806922,4486
2017-10-31,0.20631318407960214,4422
2017-11-01,0.2147916509335011,4767
2017-11-02,0.1904676451818758,4701
2017-11-03,0.18782012692656497,4412
2017-11-04,0.20173294296248107,4611
2017-11-05,0.18187300286767688,4882
2017-11-06,0.18775837716002938,6171
2017-11-07,0.1901932081240447,4579
2017-11-08,0.07924730250481599,5190
2017-11-09,0.15689920601755072,4786
2017-11-10,0.13971510926118733,4805
2017-11-11,0.1592071487946793,4812
2017-11-12,0.15002320750948847,5007
2017-11-13,0.1893030849446026,4603
2017-11-14,0.17975506590596152,5083
2017-11-15,0.21071466198419667,4556
2017-11-16,0.2317929046563205,4510
2017-11-17,0.22802962893553153,5336
2017-11-18,0.26661720453088344,4679
2017-11-19,0.24288527432184484,4903
2017-11-20,0.20051007273528795,4537
2017-11-21,0.1596215570085808,4894
2017-11-22,0.23240918139346,4923
2017-11-23,0.24462320190641362,4616
2017-11-24,0.22042653715201185,4993
2017-11-25,0.2525725202213694,4698
2017-11-26,0.26252608328049126,4731
2017-11-27,0.19798199105145123,5364
2017-11-28,0.20769783363989336,4893
2017-11-29,0.13983135888501735,4879
2017-11-30,0.18198906471900944,4929
2017-12-01,0.26216134344528996,4615
2017-12-02,0.2609687565747952,4753
2017-12-03,0.1991514405647791,5241
2017-12-04,0.22447292661745505,4606
2017-12-05,0.22620594646271489,5230
2017-12-06,0.14389755744526822,5527
2017-12-07,0.16023485501567408,5104
2017-12-08,0.16567184761904782,5250
2017-12-09,0.21008681214421399,5270
2017-12-10,0.22025705933304404,4618
2017-12-11,0.1740390472312709,4912
2017-12-12,0.1420204652922252,5287
2017-12-13,0.23519023191823982,5088
2017-12-14,0.20670592829961854,4993
2017-12-15,0.19649139567764198,4951
2017-12-16,0.18786833164812902,4945
2017-12-17,0.19020869842620122,4702
2017-12-18,0.21073121660501362,4866
2017-12-19,0.15685406786590286,4892
2017-12-20,0.11820724497681624,5176
2017-12-21,0.18968901985111497,4836
2017-12-22,0.12924438725004922,5051
2017-12-23,0.15975025662081693,4871
2017-12-24,0.23396577751432324,5061
2017-12-25,0.22336022044088133,4990
2017-12-26,0.12998816410256553,4875
2017-12-27,0.2102579078974779,4799
2017-12-28,0.1598859409519989,4979
2017-12-29,0.27275178162117203,4799
2017-12-30,0.2483321091711833,4983
2017-12-31,0.25663609625668365,5236
2018-01-01,0.25009948010397887,5001
2018-01-02,0.22849149065800164,4924
2018-01-03,0.2174731549417349,4634
2018-01-04,0.18625357010040883,5378
2018-01-05,0.22369517098445618,4825
2018-01-06,0.26516219771716126,5169
2018-01-07,0.24576978402607905,4908
2018-01-08,0.2085233626962851,5222
2018-01-09,0.19504281524926506,5115
2018-01-10,0.1868226278760212,5259
2018-01-11,0.18493159144893082,5052
2018-01-12,0.21942346368715057,5191
2018-01-13,0.23487746283448832,5045
2018-01-14,0.1849058225869487,5118
2018-01-15,0.20211842362605117,5113
2018-01-16,0.153524363932425,4913
2018-01-17,0.1814822342417314,4807
2018-01-18,0.1979917137096789,4960
2018-01-19,0.1789334702660413,5112
2018-01-20,0.2542128365197049,5126
2018-01-21,0.2684869582194427,5122
2018-01-22,0.18438210999795554,4891
2018-01-23,0.2327097861063793,5283
2018-01-24,0.24953387160299476,5078
2018-01-25,0.2583836461126007,5222
2018-01-26,0.22664900531810153,5077
2018-01-27,0.27950312435340396,4833
2018-01-28,0.25753833266853005,5014
2018-01-29,0.23200051663566862,4839
2018-01-30,0.1846899959497792,4938
2018-01-31,0.1821772159672476,4885
2018-02-01,0.20476189311253445,5314
2018-02-02,0.16585930037704286,4774
2018-02-03,0.2221112613521693,4955
2018-02-04,0.20624537610204133,5331
2018-02-05,0.04460287557603746,5425
2018-02-06,0.19358035008469857,5313
2018-02-07,0.20630810473815306,4812
2018-02-08,0.20736412092283296,5028
2018-02-09,0.18991167093091924,5081
2018-02-10,0.1889587104773696,4839
2018-02-11,0.240190313272876,4852
2018-02-12,0.2346659934720512,4902
2018-02-13,0.21476133307721626,5206
2018-02-14,0.25771050833835557,4977
2018-02-15,0.23459320427505445,4959
2018-02-16,0.2442325757575756,4620
2018-02-17,0.25512869710934327,4774
2018-02-18,0.1728035487708173,5044
2018-02-19,0.22743210047468232,5056
2018-02-20,0.21800922310756837,5020
2018-02-21,0.1728416288737727,5292
2018-02-22,0.2587096542074765,5003
2018-02-23,0.2883252084160371,5038
2018-02-24,0.3006640719773566,4946
2018-02-25,0.3076526008182364,5133
2018-02-26,0.25341144787644787,5180
2018-02-27,0.2742399539435818,5211
2018-02-28,0.24557538038884105,4732
2018-03-01,0.28455444902769805,5091
2018-03-02,0.20104287403902946,5073
2018-03-03,0.25751597397145215,4764
2018-03-04,0.2663104462474659,4930
2018-03-05,0.2326142710472283,4870
2018-03-06,0.2256601497672542,4941
2018-03-07,0.18050942323314226,4924
2018-03-08,0.21501057864386458,5029
2018-03-09,0.2201191907051281,4992
2018-03-10,0.2189710668327103,4818
2018-03-11,0.24154374594944947,4629
2018-03-12,0.20853575058639462,5116
2018-03-13,0.28052522261337726,4829
2018-03-14,0.18782068131424992,4961
2018-03-15,0.22606945431737469,4783
2018-03-16,0.21118740289733373,4763
2018-03-17,0.2366609048228766,4686
2018-03-18,0.21725966782858327,4877
2018-03-19,0.2509965389369591,4854
2018-03-20,0.21592250256410314,4875
2018-03-21,0.23169169729729677,4625
2018-03-22,0.23546539034248135,4701
2018-03-23,0.26347894175378445,4687
2018-03-24,0.26261675749318747,4404
2018-03-25,0.2828112660220366,4447
2018-03-26,0.2219363483027622,4743
2018-03-27,0.28147629284120834,4931
2018-03-28,0.3023157388456839,4886
2018-03-29,0.1947909659205476,4959
2018-03-30,0.228817827476039,4695
2018-03-31,0.23053158546655628,4844
2018-04-01,0.2421662121212121,4620
2018-04-02,0.22717218441273415,4555
2018-04-03,0.20103091496232547,4645
2018-04-04,0.2100665854198975,4513
2018-04-05,0.18898574441163998,4742
2018-04-06,0.22717709184770837,4649
2018-04-07,0.2366626352641632,4713
2018-04-08,0.20463378758381895,4623
2018-04-09,0.17876601224403543,4737
2018-04-10,0.2210484848484852,4521
2018-04-11,0.21431596162232855,4586
2018-04-12,0.2549841569137407,4614
2018-04-13,0.23955866429997716,4507
2018-04-14,0.30744788673745305,4803
2018-04-15,0.291013893728224,4592
2018-04-16,0.2643319609967492,4615
2018-04-17,0.19990737553779855,4881
2018-04-18,0.17424314427860665,5025
2018-04-19,0.2459215844609336,4582
2018-04-20,0.26057381370826077,4552
2018-04-21,0.2754031317494603,4630
2018-04-22,0.2775017477876104,4520
2018-04-23,0.21863366560942454,4414
2018-04-24,0.22373294314381367,4784
2018-04-25,0.20400294374182298,4586
2018-04-26,0.2417894174121753,4583
2018-04-27,0.24871186085498653,4772
2018-04-28,0.2840504199870786,4643
2018-04-29,0.27179154837300723,4579
2018-04-30,0.25235376814475824,5029
2018-05-01,0.26123530595812977,4968
2018-05-02,0.26647237988826833,4475
2018-05-03,0.2559433620499216,4527
2018-05-04,0.21974355727996567,4897
2018-05-05,0.21146795716639197,4856
2018-05-06,0.22417662852112608,4544
2018-05-07,0.16266080548058925,4817
2018-05-08,0.23478909887070967,4339
2018-05-09,0.25694069901126776,4349
2018-05-10,0.2546114818880368,4555
2018-05-11,0.20826295811518478,4584
2018-05-12,0.23921648558294933,4786
2018-05-13,0.3048550041528248,4816
2018-05-14,0.26310517979452047,4672
2018-05-15,0.24260560747663576,4708
2018-05-16,0.24786625916870264,4908
2018-05-17,0.21608718603661178,4698
2018-05-18,0.2536090177465965,4846
2018-05-19,0.24938204790155913,4551
2018-05-20,0.28331598107774447,4862
2018-05-21,0.22661949685534574,4770
2018-05-22,0.26368686219365195,4978
2018-05-23,0.2341883097383097,4662
2018-05-24,0.17001056235733492,4819
2018-05-25,0.2173251365015166,4945
2018-05-26,0.24829682670512987,4853
2018-05-27,0.258405260969016,4809
2018-05-28,0.2075684188655722,4813
2018-05-29,0.20675567136725972,4893
2018-05-30,0.2475285773026328,4864
2018-05-31,0.2845994663382601,4872
2018-06-01,0.2829003273992213,4887
2018-06-02,0.2833656485265664,4649
2018-06-03,0.26126633354153805,4803
2018-06-04,0.26991043103448364,4640
2018-06-05,0.25306224066390004,4579
2018-06-06,0.25518340526543076,4634
2018-06-07,0.2750019652461727,4834
2018-06-08,0.25577912371133904,4656
2018-06-09,0.24758096900020565,4871
2018-06-10,0.18696256651657936,4886
2018-06-11,0.16834428066037707,5088
2018-06-12,0.1788839691638672,5059
2018-06-13,0.16134628051142866,5162
2018-06-14,0.20854168324711592,5026
2018-06-15,0.24749235964542068,4738
2018-06-16,0.2158327593537425,4704
2018-06-17,0.2736939669771377,4724
2018-06-18,0.2579093092454828,4705
2018-06-19,0.24060917239941648,4797
2018-06-20,0.2552675349031037,4799
2018-06-21,0.25736972366840233,4994
2018-06-22,0.11969041507920633,4987
2018-06-23,0.249317251939566,4898
2018-06-24,0.22025779685264527,4893
2018-06-25,0.18050695789681653,5059
2018-06-26,0.23060394190871397,4820
2018-06-27,0.24975634417995085,4579
2018-06-28,0.24537047135912107,4731
2018-06-29,0.19758551362683416,4770
2018-06-30,0.279148433228179,4755
2018-07-01,0.2466445699391832,4604
2018-07-02,0.20761533755735181,4577
2018-07-03,0.2709936040165873,4581
2018-07-04,0.3008254493643094,4562
2018-07-05,0.23104599957779146,4737
2018-07-06,0.27771716352476866,4562
2018-07-07,0.26080784815525615,4689
2018-07-08,0.2868538747810843,4568
2018-07-09,0.262957004219408,4740
2018-07-10,0.2097625332514826,4887
2018-07-11,0.23487772963604936,4616
2018-07-12,0.2510982545764149,4698
2018-07-13,0.1971475990396157,4998
2018-07-14,0.26342193222479143,4751
2018-07-15,0.28125632661996286,4568
2018-07-16,0.24512176044330583,4692
2018-07-17,0.29372965396408246,4566
2018-07-18,0.24046838531720716,4713
2018-07-19,0.29636347079757047,4777
2018-07-20,0.25856007744039233,4907
2018-07-21,0.2944738090151677,4681
2018-07-22,0.2611909814894529,4646
2018-07-23,0.2346311447452566,4691
2018-07-24,0.2526476741738585,4751
2018-07-25,0.2717156039926624,4909
2018-07-26,0.09397987760979097,5556
2018-07-27,0.24346218159408348,4868
2018-07-28,0.2788035866780525,4684
2018-07-29,0.30380694745983494,4606
2018-07-30,0.22351398827572427,4947
2018-07-31,0.24397460186142553,4835
2018-08-01,0.2307009181636723,5010
2018-08-02,0.2111321472644995,4862
2018-08-03,0.2646093252305106,4772
2018-08-04,0.2351689887640434,4895
2018-08-05,0.2695838729383011,4911
2018-08-06,0.2305887368421041,4750
2018-08-07,0.2123147800708761,4797
2018-08-08,0.17893226016967595,4597
2018-08-09,0.25566915769474274,4737
2018-08-10,0.19625140690480872,5011
2018-08-11,0.22519194368400264,5114
2018-08-12,0.26368636091724723,5015
2018-08-13,0.1738194405027372,4933
2018-08-14,0.17363032355154268,5316
2018-08-15,0.19803891312971028,5042
2018-08-16,0.2235111289674561,4978
2018-08-17,0.227426333734454,4986
2018-08-18,0.2378017850137302,5098
2018-08-19,0.202249554543652,5051
2018-08-20,0.18820841033377192,5303
2018-08-21,0.21002876571193022,4853
2018-08-22,0.10601385731085883,5102
2018-08-23,0.14219844748858337,5475
2018-08-24,0.2124904549854779,5165
2018-08-25,0.2158468310620806,4623
2018-08-26,0.2575532569488645,4713
2018-08-27,0.21405826977117623,4982
2018-08-28,0.23115229556650183,5075
2018-08-29,0.2794546933667078,4794
2018-08-30,0.21664604442712124,5132
2018-08-31,0.2620333880903491,4870
2018-09-01,0.2561887341005451,4953
2018-09-02,0.2462559848484839,5280
2018-09-03,0.2106317647058801,5015
2018-09-04,0.23033660714285506,5264
2018-09-05,0.18294674647615256,5179
2018-09-06,0.20932372849309872,5289
2018-09-07,0.2318036494962943,5261
2018-09-08,0.22240299647473552,5106
2018-09-09,0.22827716597592318,5067
2018-09-10,0.21507909474491715,5214
2018-09-11,0.21007116508400248,5476
2018-09-12,0.23880019267822694,5190
2018-09-13,0.2199040081799586,4890
2018-09-14,0.2691926642482868,4962
2018-09-15,0.2473877054048704,5051
2018-09-16,0.2675786038826926,4842
2018-09-17,0.24113640104751116,5346
2018-09-18,0.2182724649298596,4990
2018-09-19,0.20684566353187034,4785
2018-09-20,0.2558946042451871,5041
2018-09-21,0.2166060402684544,5066
2018-09-22,0.30267553481135867,5142
2018-09-23,0.3058784331968743,5374
2018-09-24,0.29357320494033556,4777
2018-09-25,0.26680499807766206,5202
2018-09-26,0.2868769906206342,5011
2018-09-27,0.24293471091205268,4912
2018-09-28,0.2777529611166498,5015
2018-09-29,0.3169031717888077,5076
2018-09-30,0.2772349098196394,4990
2018-10-01,0.2546753769841256,5040
2018-10-02,0.22001901170867105,5039
2018-10-03,0.2810420944135226,4851
2018-10-04,0.2510073770491802,4880
2018-10-05,0.2416131392763293,4947
2018-10-06,0.2623320747295955,5085
2018-10-07,0.2630979367527951,5186
2018-10-08,0.26556461355056543,5033
2018-10-09,0.28495806648990435,4903
2018-10-10,0.2435945300462261,5192
2018-10-11,0.230714332561728,5184
2018-10-12,0.2043640168201835,4994
2018-10-13,0.26302598733233934,5368
2018-10-14,0.2506660344827586,5220
2018-10-15,0.2392834238583799,4971
2018-10-16,0.23977256217923562,5066
2018-10-17,0.26231274628066015,4974
2018-10-18,0.24658706076891113,4838
2018-10-19,0.2609676719889591,5073
2018-10-20,0.32190672400312526,5116
2018-10-21,0.28066606380816816,4921
2018-10-22,0.2832236729949633,5162
2018-10-23,0.29283525485436834,4944
2018-10-24,0.27800728643215955,4776
2018-10-25,0.2819426342811995,5064
2018-10-26,0.2672529485570886,4782
2018-10-27,0.29433861367127623,5208
2018-10-28,0.3060852417302809,5109
2018-10-29,0.20744592564053124,5191
2018-10-30,0.24966485514107017,5281
2018-10-31,0.28587162485065676,5022
2018-11-01,0.2843098894348889,4884
2018-11-02,0.25083245908104823,5071
2018-11-03,0.276620579494799,5384
2018-11-04,0.2858406920275192,4942
2018-11-05,0.22313495015337265,5216
2018-11-06,0.2477883376675322,4999
2018-11-07,0.2996748224151523,5068
2018-11-08,0.22992983467896969,5202
2018-11-09,0.18576329849012727,5166
2018-11-10,0.22206437776495402,5199
2018-11-11,0.24773742667188117,5114
2018-11-12,0.20614606679035186,5390
2018-11-13,0.17430321920357117,5374
2018-11-14,0.07716888974556689,5188
2018-11-15,0.09261368347092838,5693
2018-11-16,0.14545745454545356,5500
2018-11-17,0.1689804583182966,5542
2018-11-18,0.2189721500457454,5465
2018-11-19,0.14760374976085652,5227
2018-11-20,0.12640374796306325,5523
2018-11-21,0.1548213664136272,5401
2018-11-22,0.21837042253521163,5183
2018-11-23,0.1656441790483359,5317
2018-11-24,0.1558332708879735,5338
2018-11-25,0.21150715073529408,5440
2018-11-26,0.1426501458789206,5484
2018-11-27,0.22403271889400797,5425
2018-11-28,0.23031894010076312,5359
2018-11-29,0.2188091838597771,5477
2018-11-30,0.23297548638132257,5397
2018-12-01,0.2572433314032034,5181
2018-12-02,0.2474338429596077,5298
2018-12-03,0.18291358392259072,5374
2018-12-04,0.21336807128271776,5387
2018-12-05,0.20978682170542645,5289
2018-12-06,0.21291658415841686,5252
2018-12-07,0.23127124882629055,5325
2018-12-08,0.24360654223227793,5304
2018-12-09,0.2562652660514441,5093
2018-12-10,0.20733403241182188,5245
2018-12-11,0.2213512041284402,5232
2018-12-12,0.20976118266978874,5124
2018-12-13,-0.060909967899982334,5919
2018-12-14,0.13868509606416743,5361
2018-12-15,0.16750096978739307,5362
2018-12-16,0.2188194560290128,5515
2018-12-17,0.23119158339738552,5204
2018-12-18,0.21031627860696542,5025
2018-12-19,0.2278571540726207,5095
2018-12-20,0.2411623253105581,5152
2018-12-21,0.2898413786555249,5266
2018-12-22,0.26375337361530793,4965
2018-12-23,0.28448663585951756,5410
2018-12-24,0.27806063038371026,5108
2018-12-25,0.2632967522052927,4988
2018-12-26,0.23016355782446485,5093
2018-12-27,0.19142715736040639,5516
2018-12-28,0.22280526602505682,5507
2018-12-29,0.22733934827651112,5309
2018-12-30,0.2614379718726861,5404
2018-12-31,0.23304694251189761,5462
2019-01-01,0.25528106666666683,5250
2019-01-02,0.2594411293399449,5242
2019-01-03,0.22640982587064848,5628
2019-01-04,0.26957452216748734,5075
2019-01-05,0.2598256361201442,5227
2019-01-06,0.25963272796788356,5231
2019-01-07,0.2454669223394049,5215
2019-01-08,0.2585976465895489,5014
2019-01-09,0.2603279647435891,4992
2019-01-10,0.21003441519889254,5053
2019-01-11,0.2394945864962041,5006
2019-01-12,0.27180425987161977,5141
2019-01-13,0.24829879588269468,5149
2019-01-14,0.2425130434782618,5152
2019-01-15,0.23414176329468248,5002
2019-01-16,0.22203004985044802,5015
2019-01-17,0.23380513216283752,5183
2019-01-18,0.23047552700261004,4981
2019-01-19,0.14059285714285716,7481
2019-01-20,0.1864584397720565,5089
2019-01-21,0.19761445783132592,5229
2019-01-22,0.24350608094366555,4917
2019-01-23,0.17907055713704703,4918
2019-01-24,0.2246053482108511,5198
2019-01-25,0.2293235058162874,4986
2019-01-26,0.22873790987536016,5215
2019-01-27,0.2436731811975806,5127
2019-01-28,0.19545339787395738,5268
2019-01-29,0.20250754642433852,5062
2019-01-30,0.20382745443856654,5103
2019-01-31,0.23586254046848285,5251
2019-02-01,0.23503309140839562,5098
2019-02-02,0.25611194601128157,4964
2019-02-03,0.23336589282259673,5169
2019-02-04,0.1942954245671891,4852
2019-02-05,0.1772205706304871,5012
2019-02-06,0.17163035303146595,5212
2019-02-07,0.19689493895234322,5078
2019-02-08,0.2606365176566637,4899
2019-02-09,0.25911069476971077,5124
2019-02-10,0.25299995979899326,4975
2019-02-11,0.22482308730005707,5189
2019-02-12,0.23363055500691388,5063
2019-02-13,0.20331262254901847,4896
2019-02-14,0.19941613691931756,5317
2019-02-15,0.2278639311844971,5057
2019-02-16,0.25119445718654604,5232
2019-02-17,0.2373091649308839,5281
2019-02-18,0.271430785517679,4723
2019-02-19,0.2393551328502403,4968
2019-02-20,0.28418058881256086,5095
2019-02-21,0.26834590361445665,4980
2019-02-22,0.24643945795137623,5018
2019-02-23,0.253278293354306,5086
2019-02-24,0.2241458048595278,5268
2019-02-25,0.18113128584643703,5405
2019-02-26,0.25170789421356005,5029
2019-02-27,0.23322340206185513,4850
2019-02-28,0.25081391842257555,5173
2019-03-01,0.2239650913199021,5311
2019-03-02,0.2663784165698802,5166
2019-03-03,0.25506105139730334,5117
2019-03-04,0.2184992963409729,4974
2019-03-05,0.27557239723396293,5206
2019-03-06,0.2551459402121491,5185
2019-03-07,0.24652689599678015,4971
2019-03-08,0.24460073458341383,5173
2019-03-09,0.2535396023534174,4929
2019-03-10,0.2525040616246499,4998
2019-03-11,0.22247480590062235,5152
2019-03-12,0.2187097691597401,5415
2019-03-13,0.21470302670623143,5055
2019-03-14,0.23022894842063232,5002
2019-03-15,0.22927940119760484,5010
2019-03-16,0.2594192210811851,5161
2019-03-17,0.24821476172026508,5162
2019-03-18,0.222265041782729,5026
2019-03-19,0.245794438006954,5178
2019-03-20,0.2390804554079705,5270
2019-03-21,0.2194149621212125,5280
2019-03-22,0.2369987084870859,4878
2019-03-23,0.2616074861934964,4889
2019-03-24,0.20475236169821626,5441
2019-03-25,0.21403143735587946,5204
2019-03-26,0.23769362791579707,5273
2019-03-27,0.24296440809968806,5136
2019-03-28,0.23405325523334036,5207
2019-03-29,0.23758391415633184,5079
2019-03-30,0.2202433965917901,5164
2019-03-31,0.2836982395011926,5453
2019-04-01,0.26844155718701795,5176
2019-04-02,0.25449153617443027,5045
2019-04-03,0.25510640925127476,5102
2019-04-04,0.2568381245339317,5364
2019-04-05,0.239815708137714,5112
2019-04-06,0.2532207078925949,4916
2019-04-07,0.24839953506392953,5162
2019-04-08,0.19374065384615385,5200
2019-04-09,0.14433979853479892,5460
2019-04-10,0.2278755395683466,5143
2019-04-11,0.19758122892469063,5338
2019-04-12,0.18347484898407324,5463
2019-04-13,0.2327998600839488,5003
2019-04-14,0.2610751023446208,5374
2019-04-15,0.19748324607329876,5348
2019-04-16,0.20490137551581797,5089
2019-04-17,0.1919423114786369,5079
2019-04-18,0.2524797505938239,5052
2019-04-19,0.2041758407421725,5174
2019-04-20,0.20123393640350914,5472
2019-04-21,0.20425472947408127,5286
2019-04-22,0.22706687759541316,5057
2019-04-23,0.2132686513899316,5324
2019-04-24,0.216458696883852,5295
2019-04-25,0.18231555937380733,5238
2019-04-26,0.18596784621270107,5228
2019-04-27,0.22815577475579407,5221
2019-04-28,0.2056453350610871,5402
2019-04-29,0.18476879310344768,5220
2019-04-30,0.21137162636145362,5417
2019-05-01,0.2645931251190244,5251
2019-05-02,0.2414905373831781,5136
2019-05-03,0.22300142938822173,5247
2019-05-04,0.24052703521393312,5282
2019-05-05,0.2516870694522859,7947
2019-05-06,0.23277454581358506,5064
2019-05-07,0.2245358821335334,5362
2019-05-08,0.09949409171075677,5670
2019-05-09,0.20614622182146022,5545
2019-05-10,0.2511392301858174,5274
2019-05-11,0.2487386836518036,4710
2019-05-12,0.25069728409534897,5118
2019-05-13,0.20517470869150023,5235
2019-05-14,0.2504850252819911,5142
2019-05-15,0.23803666044776003,5360
2019-05-16,0.23098495742667863,5285
2019-05-17,0.2347994411326364,5368
2019-05-18,0.2524690182904052,5358
2019-05-19,0.25785701225442303,5141
2019-05-20,0.19117939047619026,5250
2019-05-21,0.21630021978021943,5460
2019-05-22,0.2309678149980965,5254
2019-05-23,0.25789779035792676,5476
2019-05-24,0.22490177688221372,5459
2019-05-25,0.2344774822372011,5489
2019-05-26,0.2474890264372639,4766
2019-05-27,0.2550394583008563,5132
2019-05-28,0.2460469250048191,5187
2019-05-29,0.22684735315445936,5516
2019-05-30,0.18898480138169144,5211
2019-05-31,0.21272346083788574,5490
2019-06-01,0.2658941403379867,5444
2019-06-02,0.24077623074032312,5322
2019-06-03,0.23085532956685528,5310
2019-06-04,0.20476052534221234,5406
2019-06-05,0.1951475245722592,5494
2019-06-06,0.22756494336865266,5474
2019-06-07,0.15918253065576612,5627
2019-06-08,0.2326977289512554,5416
2019-06-09,0.2279848484848477,5247
2019-06-10,0.26093848357524824,5236
2019-06-11,0.24225604458965908,5203
2019-06-12,0.2397252942275373,5353
2019-06-13,0.24094046529366966,5244
2019-06-14,0.25457895783611734,2507
2019-06-15,0.24359992687385695,5470
2019-06-16,0.23773641544117605,5440
2019-06-17,0.2745983398619662,5361
2019-06-18,0.22850045199782856,5531
2019-06-19,0.2636802983445522,5497
2019-06-20,0.22369634424980958,3933
2019-06-21,0.21520422039859316,854
2019-06-22,0.25467999646268036,5654
2019-06-23,0.23381598863030734,5629
2019-06-24,0.2444695088044485,4316
2019-06-25,0.2104646188340809,2229
2019-06-26,0.1682911691822466,4439
2019-06-27,0.2013238686131383,5480
2019-06-28,0.21172301601914845,5431
2019-06-29,0.25108110389610433,1542
2019-06-30,0.17225761589403965,150
2019-07-01,0.24264215187488258,5307
2019-07-02,0.21738054991695877,5419
2019-07-03,0.19979990081333038,5041
2019-07-04,0.20364731861198718,634
2019-07-05,0.2320073421926911,3004
2019-07-06,0.23831525423728678,5546
2019-07-07,0.2224664191572302,5387
2019-07-08,0.2287589144434211,5435
2019-07-09,0.250467458563536,5430
2019-07-10,0.22649661936560972,2397
2019-07-11,0.20620357882840462,5309
2019-07-12,0.19294921774341922,5433
2019-07-13,0.20056386892177466,4730
2019-07-14,0.18537864583333333,192
2019-07-15,0.22455353658536575,820
2019-07-16,0.19868042420027734,2876
2019-07-17,0.2103772679509636,5710
2019-07-18,0.20488720764694046,4917
2019-07-19,0.23096615901898715,5056
2019-07-20,0.1616686666666668,150
2019-07-21,0.24052672092234684,2945
2019-07-22,0.2109817622950819,4880
2019-07-23,0.2112949159408539,4937
2019-07-24,0.21806313583539616,5249
2019-07-25,0.22484622054665374,5305
2019-07-26,0.30492566648280744,5439
2019-07-27,0.24615285228560563,5294
2019-07-28,0.21662097378277198,5340
2019-07-29,0.2271904637622968,4981
2019-07-30,0.22341841649007932,5191
2019-07-31,0.20652329143754802,5092
2019-08-01,0.2061033488192024,5166
2019-08-02,0.25047781763262245,5297
2019-08-03,0.2492739754485368,5295
2019-08-04,0.23892250534915493,5141
2019-08-05,0.2177248475609742,5248
2019-08-06,0.20644106422018485,5450
2019-08-07,0.18443151758061643,5489
2019-08-08,0.1978948322406475,5186
2019-08-09,0.1999527396005131,5457
2019-08-10,0.23422711670480584,5244
2019-08-11,0.25853776379118676,5402
2019-08-12,0.20533535952557502,5396
2019-08-13,0.20716611917494324,5236
2019-08-14,0.16847738830366796,5506
2019-08-15,0.20390079710144915,5520
2019-08-16,0.2247078394243505,5281
2019-08-17,0.24387255697180407,5178
2019-08-18,0.20040729394602336,5484
2019-08-19,0.20955981343283478,5360
2019-08-20,0.21902622326930082,5518
2019-08-21,0.19214100127900632,5473
2019-08-22,0.2133130386740328,5430
2019-08-23,0.21568750919793958,5436
2019-08-24,0.21418455541117506,5387
2019-08-25,0.23448943985307608,5445
2019-08-26,0.1782146741226382,5186
2019-08-27,0.20491835086401194,5324
2019-08-28,0.20969015572858737,5394
2019-08-29,0.20830216776625768,5305
2019-08-30,0.2288936251920132,5208
2019-08-31,0.2252823668639044,5070
2019-09-01,0.20806049548684377,5207
2019-09-02,0.2115364054378245,5002
2019-09-03,0.2162519001919392,5210
2019-09-04,0.22978440244368004,5238
2019-09-05,0.2106783915957249,5521
2019-09-06,0.20127245705462263,5181
2019-09-07,0.24039536894696464,5204
2019-09-08,0.22795130540376574,4941
2019-09-09,0.22546548775748215,5146
2019-09-10,0.20759552715654897,5321
2019-09-11,0.2125216571428576,5250
2019-09-12,0.22415869191049928,5229
2019-09-13,0.2217285539714867,4910
2019-09-14,0.25076775083776937,5073
2019-09-15,0.24358526503164737,5056
2019-09-16,0.21425080723594678,5141
2019-09-17,0.23961718781119293,5021
2019-09-18,0.22983694832138873,5302
2019-09-19,0.25083587170405375,5082
2019-09-20,0.23049432280565652,5161
2019-09-21,0.24811792939309776,5042
2019-09-22,0.2372148499810099,5266
2019-09-23,0.21806894986182465,5066
2019-09-24,0.15644229241160112,5034
2019-09-25,0.18943206783580702,5189
2019-09-26,0.1671838401559452,5130
2019-09-27,0.18291308860272817,5203
2019-09-28,0.22421775193798343,5160
2019-09-29,0.18405310589627336,5071
2019-09-30,0.18931650208887066,5266
2019-10-01,0.20797160421545585,5124
2019-10-02,0.207045501730105,5202
2019-10-03,0.19010644054878137,5248
2019-10-04,0.18466547280651888,5277
2019-10-05,0.22158529123357493,5099
2019-10-06,0.2010704843191746,5038
2019-10-07,0.223610901960784,5100
2019-10-08,0.23270718492343903,5094
2019-10-09,0.21124173602853769,5046
2019-10-10,0.23853202334630344,5140
2019-10-11,0.2024151906045433,5194
2019-10-12,0.23697910078110063,5249
2019-10-13,0.2356077433628311,4972
2019-10-14,0.2733966449386503,5216
2019-10-15,0.2300612535612542,4914
2019-10-16,0.20109498263218817,5182
2019-10-17,0.1984953762816788,5169
2019-10-18,0.203282778325122,5075
2019-10-19,0.22710418753756695,4991
2019-10-20,0.23725869262865124,5033
2019-10-21,0.20609990029910194,5015
2019-10-22,0.23070701720093856,5116
2019-10-23,0.1713420804228805,5297
2019-10-24,0.19476203866432243,5121
2019-10-25,0.22124179626749554,5144
2019-10-26,0.23692489967897337,4984
2019-10-27,0.23913648025656534,4989
2019-10-28,0.21700970074312068,4979
2019-10-29,0.24485442380667063,5007
2019-10-30,0.2364914041861409,4921
2019-10-31,0.25149973732067,4949
2019-11-01,0.2427164874551974,5022
2019-11-02,0.2604030466640951,5186
2019-11-03,0.21387261108926353,5086
2019-11-04,0.22644203429011678,5191
2019-11-05,0.2616657322654463,5244
2019-11-06,0.2344008583690989,5126
2019-11-07,0.2335152593147352,5341
2019-11-08,0.22609686471840404,5167
2019-11-09,0.23686959446473238,5203
2019-11-10,0.2677066369890739,4942
2019-11-11,0.22322547477460294,5213
2019-11-12,0.23079163748712717,4855
2019-11-13,0.20145582869214648,5207
2019-11-14,0.22423054038787424,5311
2019-11-15,0.19256666023538524,5183
2019-11-16,0.22472659247889465,5212
2019-11-17,0.18297597690086626,5195
2019-11-18,0.19127136078952342,5269
2019-11-19,0.24298658654778033,5159
2019-11-20,0.22459453094589266,5138
2019-11-21,0.20705470196223513,5402
2019-11-22,0.18165037051111527,5263
2019-11-23,0.22951049102740861,5071
2019-11-24,0.19313015809485698,4997
2019-11-25,0.20765364403528824,5214
2019-11-26,0.2456220761381469,5096
2019-11-27,0.23753965687241166,5071
2019-11-28,0.2642554457402641,5059
2019-11-29,0.23053004750593797,5052
2019-11-30,0.2012176379776152,5182
2019-12-01,0.2431232911892527,5062
2019-12-02,0.24139955311801697,4923
2019-12-03,0.22710456504702126,5104
2019-12-04,0.2294093822843828,5148
2019-12-05,0.21528719487795045,4998
2019-12-06,0.23539079051383488,5060
2019-12-07,0.20955810245166304,5017
2019-12-08,0.20998916196615558,4964
2019-12-09,0.2232066302809778,4947
2019-12-10,0.19021617786187395,5285
2019-12-11,0.23025250786988424,4765
2019-12-12,0.23348517406962668,4998
2019-12-13,0.23116731894290896,4957
2019-12-14,0.26934578245350504,5323
2019-12-15,0.2057031082118185,5212
2019-12-16,0.17681218743847174,5079
2019-12-17,0.184555488867376,5165
2019-12-18,0.21824925668979087,5045
2019-12-19,0.2556547152018103,5302
2019-12-20,0.23793512614903153,5113
2019-12-21,0.24157589214908767,5044
2019-12-22,0.2642929222416128,5157
2019-12-23,0.2512464605211974,5142
2019-12-24,0.2561781520692962,5195
2019-12-25,0.32770271837621523,5518
2019-12-26,0.22269709598340506,5303
2019-12-27,0.2558194492254705,5229
2019-12-28,0.2425277063536411,5367
2019-12-29,0.26038845712097924,5224
2019-12-30,0.23197366946778714,5355
2019-12-31,0.24809640889226683,5263
2020-01-01,0.29131624832343395,5219
2020-01-02,0.23237531598513034,5380
2020-01-03,0.2157067048393058,5414
2020-01-04,0.20357641527177017,5317
2020-01-05,0.20074385394762054,5231
2020-01-06,0.20691338458506028,5073
2020-01-07,0.2562888951734534,5304
2020-01-08,0.22736370329468059,5433
2020-01-09,0.25329285047601174,5357
2020-01-10,0.23468791166952202,5253
2020-01-11,0.26350664335664314,5148
2020-01-12,0.24338222486144034,5052
2020-01-13,0.23872101669195742,5272
2020-01-14,0.22597038387716004,5210
2020-01-15,0.24497988035892238,5015
2020-01-16,0.24015234359678303,5099
2020-01-17,0.2526415768463077,5010
2020-01-18,0.22474421588594734,4910
2020-01-19,0.16882609000174997,5711
2020-01-20,0.23867364073006653,5205
2020-01-21,0.24258061515093982,5267
2020-01-22,0.22334014939309044,5355
2020-01-23,0.18646521824616633,5086
2020-01-24,0.2218052087322865,5222
2020-01-25,0.21286488491535058,5257
2020-01-26,0.20673656313929806,5377
2020-01-27,0.18260114329268406,5248
2020-01-28,0.18522914074650057,5144
2020-01-29,0.22448558235959257,5306
2020-01-30,0.21362699539524135,5212
2020-01-31,0.22326749327181958,5202
2020-02-01,0.2234917709147785,5116
2020-02-02,0.2648017705382439,4236
2020-02-03,0.22440414802765385,4918
2020-02-04,0.24774289894654708,5126
2020-02-05,0.2553027849101331,5063
2020-02-06,0.26962344720496934,5152
2020-02-07,0.24871765986933342,5051
2020-02-08,0.22875574290815281,5041
2020-02-09,0.2668932340161389,4833
2020-02-10,0.2529151913192468,5253
2020-02-11,0.23582868426122186,5191
2020-02-12,0.2241696176304386,5309
2020-02-13,0.19383239051094883,5480
2020-02-14,0.2664969994443427,5399
2020-02-15,0.19957843283582163,5360
2020-02-16,0.2183778594309419,5307
2020-02-17,0.20141218114602435,5410
2020-02-18,0.2516304748822605,5096
2020-02-19,0.1890530592105253,6080
2020-02-20,0.17396687510856282,5757
2020-02-21,0.1963701702442632,5404
2020-02-22,0.22898729868228246,5464
2020-02-23,0.2033027948070669,5546
2020-02-24,0.17920806246595167,5507
2020-02-25,0.19898659903897534,5619
2020-02-26,0.1727462700313136,5429
2020-02-27,0.18650260707635016,5370
2020-02-28,0.2498058348623851,5450
2020-02-29,0.2122460209003224,4976
2020-03-01,0.16631760895170872,5094
2020-03-02,0.20466377598801197,5339
2020-03-03,0.18743561057334282,5372
2020-03-04,0.19916145586897158,5495
2020-03-05,0.21965738872403603,5055
2020-03-06,0.23278181460342384,5081
2020-03-07,0.19407909669947815,5181
2020-03-08,0.1399855623950762,5361
2020-03-09,0.14292682387619743,5428
2020-03-10,0.17993444203896866,5081
2020-03-11,0.16790756472491947,4944
2020-03-12,0.05072116221843658,5283
2020-03-13,0.11826345945945872,5550
2020-03-14,0.12764646537696595,5531
2020-03-15,0.11677051353874898,5355
2020-03-16,0.1372274752011976,5343
2020-03-17,0.1622999253313422,5357
2020-03-18,0.1591015654830095,5238
2020-03-19,0.18356469198976655,5081
2020-03-20,0.16318750968241694,5164
2020-03-21,0.14814530093032122,5267
2020-03-22,0.14326408557364723,5282
2020-03-23,0.17204544720371406,4953
2020-03-24,0.1948345339402334,5053
2020-03-25,0.15461442729178584,5247
2020-03-26,0.30207090482210924,5537
2020-03-27,0.24097772296015377,5270
2020-03-28,0.19223672616786933,5266
2020-03-29,0.1715482300019558,5113
2020-03-30,0.16262765515940408,5301
2020-03-31,0.16226400077086248,5189
2020-04-01,0.1763687670698391,5126
2020-04-02,0.2091559240759245,5005
2020-04-03,0.23330541823215276,5057
2020-04-04,0.18984266718057474,5189
2020-04-05,0.21419561840270815,5021
2020-04-06,0.20923270519262824,4776
2020-04-07,0.21081693889897118,4959
2020-04-08,0.21758139050790945,4804
2020-04-09,0.1852945336313755,4921
2020-04-10,0.20596754766031158,4616
2020-04-11,0.21272515267175465,5240
2020-04-12,0.19522054380664633,4965
2020-04-13,0.2017177848352523,5038
2020-04-14,0.2147747376603183,5146
2020-04-15,0.2112205265241488,5052
2020-04-16,0.21527290559869167,4894
2020-04-17,0.22924864267042,4973
2020-04-18,0.24734053677932324,5030
2020-04-19,0.22816179560649444,5235
2020-04-20,0.16494218352572784,5111
2020-04-21,0.19580486560721844,5097
2020-04-22,0.24297354373660424,5133
2020-04-23,0.2407514851485128,4949
2020-04-24,0.21733618618618578,5328
2020-04-25,0.22833579072532725,5046
2020-04-26,0.22962197070572493,5257
2020-04-27,0.22103635598569407,4753
2020-04-28,0.24547228642178992,4846
2020-04-29,0.21434360131255034,4876
2020-04-30,0.24050108246408058,5081
2020-05-01,0.23611447838159355,5042
2020-05-02,0.2519555599682264,5036
2020-05-03,0.23122263358014816,4997
2020-05-04,0.28402709163346695,5271
2020-05-05,0.23227647867950474,5089
2020-05-06,0.19800832670906124,5032
2020-05-07,0.22938980200127712,4697
2020-05-08,0.22962994569433673,5156
2020-05-09,0.2213613040947026,5153
2020-05-10,0.20654628777266335,4997
2020-05-11,0.2357782281412849,5181
2020-05-12,0.21445329714515418,4974
2020-05-13,0.18778708569118735,4948
2020-05-14,0.22396411463664234,4885
2020-05-15,0.2283327885425435,5935
2020-05-16,0.23017911017758044,5237
2020-05-17,0.24821063546423097,5256
2020-05-18,0.24807777142857287,5250
2020-05-19,0.2507653725490195,5100
2020-05-20,0.20767159540403005,5309
2020-05-21,0.22082904021244246,5272
2020-05-22,0.26613891771682663,5396
2020-05-23,0.21900738848496795,5089
2020-05-24,0.2218890147877853,5207
2020-05-25,0.23484791666666513,5136
2020-05-26,0.21617347950429006,5245
2020-05-27,0.22209960908413878,5372
2020-05-28,0.2219606224627872,5173
2020-05-29,0.2140236145974117,5179
2020-05-30,0.21117169474727504,5045
2020-05-31,0.1993027490114866,5311
2020-06-01,0.12726075058639572,5116
2020-06-02,0.20475367744374998,5289
2020-06-03,0.19553665559246872,5418
2020-06-04,0.20670214136820111,5277
2020-06-05,0.3655206569804098,6332
2020-06-06,0.2889353005664142,5473
2020-06-07,0.2571436448598112,5350
2020-06-08,0.2742217656012172,5256
2020-06-09,0.2638236563071289,5470
2020-06-10,0.23978894736842027,5130
2020-06-11,0.2156070425361134,4984
2020-06-12,0.23466348325004363,5403
2020-06-13,0.24082905017234568,5222
2020-06-14,0.20868242846661644,5452
2020-06-15,0.2189662744353766,5269
2020-06-16,0.21725415640977025,5281
2020-06-17,0.2047668993387217,5444
2020-06-18,0.21757691020635814,5379
2020-06-19,0.2085032598454865,5307
2020-06-20,0.25345622374952337,5238
2020-06-21,0.2277344775270243,5273
2020-06-22,0.24590797485759008,5091
2020-06-23,0.2582068767377176,5395
2020-06-24,0.20227453248505842,5187
2020-06-25,0.21730988480118926,5382
2020-06-26,0.2414200498848805,5212
2020-06-27,0.18540364810944304,5263
2020-06-28,0.2388109965635731,5238
2020-06-29,0.2618437836833298,5381
2020-06-30,0.2385060252486592,5228
2020-07-01,0.23945762932638504,5374
2020-07-02,0.2066483437440858,5283
2020-07-03,0.24695379596678357,5058
2020-07-04,0.26538085313595616,5134
2020-07-05,0.207902706766917,5320
2020-07-06,0.25283304858515854,5619
2020-07-07,0.2418568075117362,5325
2020-07-08,0.2478344808126415,5316
2020-07-09,0.2777370612838703,5499
2020-07-10,0.2783748277112802,5514
2020-07-11,0.2322446395372866,4841
2020-07-12,0.2346388825757568,5280
2020-07-13,0.21892696150999164,5404
2020-07-14,0.26649155915960293,5426
2020-07-15,-0.0817425036818865,6790
2020-07-16,0.08567143104643031,5772
2020-07-17,0.20075158262789808,5434
2020-07-18,0.21349793741109493,5624
2020-07-19,0.21888703833977996,5686
2020-07-20,0.23606032588795295,5462
2020-07-21,0.23674145481536438,5389
2020-07-22,0.2237284284873465,5097
2020-07-23,0.20403317535544999,5486
2020-07-24,0.23091980676328458,5382
2020-07-25,0.2491142578124999,5120
2020-07-26,0.2303039226833418,5277
2020-07-27,0.23021017088738005,4857
2020-07-28,0.24548048286030155,5426
2020-07-29,0.2455384646302262,4976
2020-07-30,0.267770797454136,5342
2020-07-31,0.1134567936736142,5564
2020-08-01,0.2614933681073024,5368
2020-08-02,0.25760503755266545,5459
2020-08-03,0.2508603560490049,5224
2020-08-04,0.23985083883129055,5305
2020-08-05,0.24554372405613717,5059
2020-08-06,0.26313973395025964,5187
2020-08-07,0.2781144466403157,5060
2020-08-08,0.2964973641156164,5501
2020-08-09,0.305963125481139,5196
2020-08-10,0.28159523548740506,5478
2020-08-11,0.24772126605504652,5450
2020-08-12,0.25021633566978213,5136
2020-08-13,0.2641224884792613,5425
2020-08-14,0.28321008308157036,5296
2020-08-15,0.25228004276550353,5612
2020-08-16,0.3084038488952252,5612
2020-08-17,0.2626751507159005,5308
2020-08-18,0.26206768939393954,5280
2020-08-19,0.2500753470919333,5330
2020-08-20,0.28862670474830415,5602
2020-08-21,0.23194829496278327,5777
2020-08-22,0.29645665244015534,5389
2020-08-23,0.2936994703990912,5287
2020-08-24,0.29512864573299935,5191
2020-08-25,0.23130191116616605,5651
2020-08-26,0.32597073350534483,5426
2020-08-27,0.27973384644621524,5262
2020-08-28,0.36589413608703364,5423
2020-08-29,0.38743969623748686,5794
2020-08-30,0.3389947707861222,5737
2020-08-31,0.3103292750415053,5421
2020-09-01,0.30814386497588653,5599
2020-09-02,0.2773220910934906,5423
2020-09-03,0.21657151329634683,5227
2020-09-04,0.26839320456540694,5695
2020-09-05,0.2086666727941171,5440
2020-09-06,0.24465110711070912,5555
2020-09-07,0.242759820928931,5361
2020-09-08,0.2698592261361549,5479
2020-09-09,0.37350156626505987,5810
2020-09-10,0.29649612061040737,5439
2020-09-11,0.2810602682788575,5293
2020-09-12,0.31678237657864605,5226
2020-09-13,0.27727892622351885,5476
2020-09-14,0.2889743472460432,5247
2020-09-15,0.26494835265967115,5433
2020-09-16,0.28270161290322565,5146
2020-09-17,0.2628072425991433,5371
2020-09-18,0.44623286624204894,6280
2020-09-19,0.2842758899981148,5309
2020-09-20,0.25688479437229284,5544
2020-09-21,0.24185705626065557,5279
2020-09-22,0.26662062292664895,5426
2020-09-23,0.24420514128728427,5096
2020-09-24,0.30023219287715297,4998
2020-09-25,0.2776340743579914,5218
2020-09-26,0.2799178321015724,5277
2020-09-27,0.335473165388825,5478
2020-09-28,0.2892205492606108,5207
2020-09-29,0.28902103740840573,5186
2020-09-30,0.43551059168534745,5797
2020-10-01,0.37073597560975513,6068
2020-10-02,0.45896308757242343,6212
2020-10-03,0.3778828592005775,5554
2020-10-04,0.3198409115770292,5485
2020-10-05,0.30560824509633966,5761
2020-10-06,0.25343419599724476,5796
2020-10-07,0.35944522887324165,5680
2020-10-08,0.3925959937018879,5716
2020-10-09,0.3740807280149663,5879
2020-10-10,0.3778280661215772,5626
2020-10-11,0.34354772479067824,5494
2020-10-12,0.31269558030902034,5566
2020-10-13,0.30845826244344066,5525
2020-10-14,0.30844614237793505,5366
2020-10-15,0.40289624252774836,5855
2020-10-16,0.3952721176470557,5950
2020-10-17,0.3665641406112029,5661
2020-10-18,0.37384612266478545,5674
2020-10-19,0.2996180680772765,5435
2020-10-20,0.2530445464172267,5666
2020-10-21,0.3448662325225054,5221
2020-10-22,0.30304690796653405,5498
2020-10-23,0.34369088382434754,5397
2020-10-24,0.3114559683649076,5437
2020-10-25,0.2995180670753709,5546
2020-10-26,0.28635724286483616,5571
2020-10-27,0.27790935035674114,5326
2020-10-28,0.2923056244218305,5405
2020-10-29,0.3097159199412413,5446
2020-10-30,0.2983895964457612,5402
2020-10-31,0.33374447529150497,5403
2020-11-01,0.33444135770234973,5745
2020-11-02,0.3358297031473536,5592
2020-11-03,0.3164818478052525,5217
2020-11-04,0.31845108376193826,5444
2020-11-05,0.26218420525155284,4989
2020-11-06,0.2832487932647323,5345
2020-11-07,0.3121218601244964,5462
2020-11-08,0.33220914798206247,5575
2020-11-09,0.30891693313953356,5504
2020-11-10,0.31156521818513716,5477
2020-11-11,0.24912035152636364,5405
2020-11-12,0.3076725214533509,5477
2020-11-13,0.27727165834719913,5409
2020-11-14,0.2703585423482365,5502
2020-11-15,0.2681654212322606,5567
2020-11-16,0.23968745618889525,5421
2020-11-17,0.24421369888134906,5453
2020-11-18,0.22732892754662795,5576
2020-11-19,0.2359032597078727,5614
2020-11-20,0.26267510404842864,5286
2020-11-21,0.23648275986961226,5522
2020-11-22,0.24435049080849547,5603
2020-11-23,0.2649007597684508,5528
2020-11-24,0.25230730783793853,5282
2020-11-25,0.2356926130295478,5618
2020-11-26,0.24707520318173978,5783
2020-11-27,0.24149379236532154,5606
2020-11-28,0.24782670309653929,5490
2020-11-29,0.2839337126600299,5624
2020-11-30,0.24753556493381856,5213
2020-12-01,0.25861220980223504,5815
2020-12-02,0.29308918067226847,5712
2020-12-03,0.2689380978762692,5415
2020-12-04,0.2327049618320601,5502
2020-12-05,0.2629113500813301,5533
2020-12-06,0.26237658519305623,5646
2020-12-07,0.29207942481803656,5633
2020-12-08,0.24545639374425055,5435
2020-12-09,0.2731350107836088,5564
2020-12-10,0.25687112115732397,5530
2020-12-11,0.2704887576020851,5755
2020-12-12,0.26254669026548666,5650
2020-12-13,0.26867893686502115,5512
2020-12-14,0.26313067219318687,5549
2020-12-15,0.25626010535557486,5695
2020-12-16,0.259681439608064,5307
2020-12-17,0.28582776240846164,6145
2020-12-18,0.2400072220356048,5954
2020-12-19,0.29067096281202315,5889
2020-12-20,0.2502286409454285,5754
2020-12-21,0.2537484662576691,5705
2020-12-22,0.24804898168748934,5843
2020-12-23,0.20275318640013731,5853
2020-12-24,0.28686681810239373,5723
2020-12-25,0.3098433402705523,5766
2020-12-26,0.22866996298254808,5673
2020-12-27,0.2263634525401058,5984
2020-12-28,0.2206311648501355,5872
2020-12-29,0.2226706471095779,5795
2020-12-30,0.24111859794557522,5549
2020-12-31,0.32006877025413427,5863
2021-01-01,0.2312269400203303,5902
2021-01-02,0.21197937188947946,5827
2021-01-03,0.24013254847645402,5776
2021-01-04,0.24760164327284997,5842
2021-01-05,0.27334887932580304,5577
2021-01-06,0.19914022411128157,5176
2021-01-07,0.24768453077878355,5637
2021-01-08,0.2508410334346508,5922
2021-01-09,0.2502280616819072,5577
2021-01-10,0.23932562566090873,5674
2021-01-11,0.16608078310149468,5823
2021-01-12,0.2093003295178611,5766
2021-01-13,0.16968769716088225,5706
2021-01-14,0.1725497507477541,6018
2021-01-15,0.21892001392272756,5746
2021-01-16,0.21848422540187196,5661
2021-01-17,0.23388775017253152,5796
2021-01-18,0.2014653799126629,5725
2021-01-19,0.22974384195040629,7137
2021-01-20,0.251970060305073,5638
2021-01-21,0.1744209819851647,5662
2021-01-22,0.2385400241837962,5789
2021-01-23,0.23147489871410967,5677
2021-01-24,0.2386149106382976,5875
2021-01-25,0.22253909760589244,5430
2021-01-26,0.2509438481906435,5665
2021-01-27,0.2179695816186539,5832
2021-01-28,0.24002737161198137,5608
2021-01-29,0.2581686274509794,5661
2021-01-30,0.25277722504230193,5910
2021-01-31,0.24894445048966238,5514
2021-02-01,0.26541032608695797,5888
2021-02-02,0.2790579632199864,5764
2021-02-03,0.27641175291545084,5488
2021-02-04,0.2873639134199112,5775
2021-02-05,0.20464471651602262,6085
2021-02-06,0.2540390140095762,5639
2021-02-07,0.26658238597685535,5876
2021-02-08,0.21820885850178312,5046
2021-02-09,0.23382385240112852,5664
2021-02-10,0.2202482240437161,5856
2021-02-11,0.21873226780323138,5631
2021-02-12,0.24852016864567195,5811
2021-02-13,0.2564617601110912,5761
2021-02-14,0.24095301701908056,5817
2021-02-15,0.24637670648464002,5860
2021-02-16,0.27087187940761553,5672
2021-02-17,0.24838516095713403,5809
2021-02-18,0.2397992746113986,5790
2021-02-19,0.2477398800872077,5504
2021-02-20,0.23539944153577597,5730
2021-02-21,0.2516360868102276,5944
2021-02-22,0.2421408724025398,5823
2021-02-23,0.32297032353424276,6089
2021-02-24,0.33433918615828384,6242
2021-02-25,0.2823837883383878,5934
2021-02-26,0.2686459501289775,5815
2021-02-27,0.2391877099911564,5655
2021-02-28,0.2744219426974131,5724
2021-03-01,0.2553562499999988,5664
2021-03-02,0.29651539631570006,5917
2021-03-03,0.30262620413841124,5751
2021-03-04,0.287159824467132,5583
2021-03-05,0.2730620382165598,5495
2021-03-06,0.25733313609467234,5746
2021-03-07,0.30911290711700695,5803
2021-03-08,0.29576855277475494,5514
2021-03-09,0.2528147296137331,5825
2021-03-10,0.2635066793562906,5779
2021-03-11,0.27726577994933,5526
2021-03-12,0.2593131690889737,5642
2021-03-13,0.2873592763522235,5417
2021-03-14,0.24204682685252965,5452
2021-03-15,0.2669127762302677,5385
2021-03-16,0.27182448715579294,5411
2021-03-17,0.30340320174640556,5497
2021-03-18,0.3084197728446026,5811
2021-03-19,0.3468922124470464,6138
2021-03-20,0.27863065378644164,5797
2021-03-21,0.29883744649171823,5373
2021-03-22,0.26022695258705486,5083
2021-03-23,0.2732032697066074,5658
2021-03-24,0.2884444265809218,5598
2021-03-25,0.35240084817642153,5895
2021-03-26,0.3187552904018235,5699
2021-03-27,0.30326195895844,5799
2021-03-28,0.2962579922371194,5668
2021-03-29,0.32564713816358554,5783
2021-03-30,0.3202280417566607,5556
2021-03-31,0.3778453576115471,6096
2021-04-01,0.3178153406136216,5769
